polarity,keywords
-0.125,past
0.08357142857142856,"behind, real, high, first, originally"
0.5,lovely
0.125,first
0.16,high
0.18333333333333335,"great, black, professional"
0.06651785714285714,"behind, large, long, closed, great, nearly, heavy, approximately"
0.06260504201680672,"behind, large, long, closed, great, nearly, heavy, approximately"
0.07436974789915966,"behind, large, long, closed, great, nearly, heavy, approximately, really"
0.1875,originally
0.04285714285714286,"fresh, plain"
0.20075757575757575,"love, new, older"
0.5,greater
0.2,"pink, greater"
0.25,greater
0.3,"early, enjoying"
0.1111111111111111,super
0.16666666666666666,fitting
0.11818181818181818,"new, old"
1.0,greatest
-0.15555555555555556,down
0.5,enjoying
-0.11833333333333336,"sadly, much, hardly"
0.023055555555555555,"complex, high, long, closed, mainly, wide, great"
0.08140909090909093,"happy, other, live, many, frequently, cultural, important, developed, little, late"
0.8,great
-0.010330578512396698,"behind, new, busy, alarming, due, light"
0.07944055944055944,"few, new, high, closed, many, light"
0.3,colossal
-0.08272727272727273,"other, new, least, due"
0.01858054226475279,"few, straight, new, generally, much, developed, usually, cleverly, reasonable, other"
0.028066378066378066,"old, few, straight, new, generally, much, developed, usually, cleverly, reasonable, other"
0.03253119429590018,"straight, new, generally, much, developed, usually, cleverly, reasonable, other"
0.3,"developed, more"
-0.00505050505050505,"developed, down"
0.016666666666666666,developed
0.03333333333333333,direct
0.16153846153846155,"true, greater, few, first, success, intense, kind"
0.10714285714285712,"most, greater, naturally, guarded, first, near, early, small, late"
0.013541666666666674,"other, slight, light"
0.4,great
0.5,more
0.13636363636363635,new
-0.024999999999999994,"unusual, usually"
0.49333333333333335,"thanks, nice, ok, very"
-0.1,green
0.1,early
0.31,"smooth, experimental, powerful, remarkable, famously"
0.3385416666666667,"quickly, more, first, successful, original"
0.2,modern
-0.1,closed
0.4166666666666667,"old, pleasant"
0.16666666666666669,"harder, strong"
-0.09928571428571428,"other, limited, bass"
-0.16666666666666666,"cold, early"
-0.21666666666666667,easy
0.16666666666666666,"unique, past"
0.31927272727272726,"new, high, great, iconic"
-0.2625,"other, behind"
0.02886904761904762,"hot, dispossessed, experimental, first, down, pretty, single"
0.36266233766233763,"new, old, best, large"
0.3,"great, better"
0.08333333333333333,"other, original"
0.65,"happy, enjoying"
0.1392857142857143,"thick, special, sure"
0.6,liked
0.24545454545454545,"new, own"
0.00060606060606061,"new, ready, previous"
-0.065,"other, few"
0.11317379332685455,"unexpected, least, down, enjoying, mere, mostly, usually, amazing, certain, colorful, exceptionally, early, other, very, military, few, happy, good, attendant, smart, due, filled, modern, enjoy, deadly, first, difficult, full"
0.11650354737854739,"worse, unexpected, least, down, enjoying, mere, mostly, usually, rich, amazing, certain, much, exceptionally, early, better, other, very, military, tremendous, memorable, few, happy, good, attendant, smart, due, filled, modern, enjoy, new, deadly, first, difficult, full, famous"
0.11054289091523134,"unexpected, least, down, enjoying, mere, mostly, usually, amazing, certain, many, exceptionally, early, other, very, military, few, happy, good, attendant, smart, due, filled, enjoy, deadly, first, difficult, full"
0.2681818181818182,"huge, new"
0.1,near
0.4190340909090909,"new, fabulous"
0.06578947368421051,"most, greater, naturally, guarded, generally, first, near, early, small, thick, late"
0.3683333333333334,"most, best, high, thanks, full"
-0.08333333333333333,"random, more, past"
-0.0068181818181818205,"new, ruins"
0.06666666666666667,modern
0.10833333333333334,"vibrant, very"
0.03888888888888889,"slipping, vibrant, slowly, very"
0.6,"most, great, iconic, popular"
0.25876190476190475,"particularly, interesting, few, large, great, particular, experienced, very"
0.12456709956709956,"most, interesting, good, single, originally, main, due, other"
0.1425,"past, many, top, sound, due"
0.03125,other
0.16666666666666666,"large, main, right"
0.09764069264069263,"previously, first, right, original, dark, partially, very"
-0.06666666666666667,narrow
0.028124999999999997,"other, top, dark"
0.14500000000000002,"missing, interesting, far, fortunately, much, first, disappointing, more"
0.09999999999999999,"narrow, top"
0.2,thanks
0.3,fun
-0.2,green
-0.10833333333333334,"black, grey"
0.2857142857142857,right
-0.25,parade
0.4,free
-0.1,wet
-0.16666666666666666,half
0.5,love
-0.025,long
0.7,good
-0.03333333333333333,wet
0.3,"more, action"
0.5,interesting
0.7749999999999999,"talented, beautiful"
0.10000000000000002,"fantastic, center"
0.2,very
-0.05000000000000001,"behind, first"
-0.1,wide
-0.20833333333333331,slightly
-0.4,behind
0.125,interesting
0.32499999999999996,"long, good"
0.5666666666666667,"better, more, good"
0.37222222222222223,"old, acute, much, great, early, strong"
0.10952380952380951,"hard, best, weak, strong"
0.18714285714285714,"large, high"
0.3012698412698413,"old, large, high, popular, pleasantly"
0.13357142857142856,"large, high"
0.02808900139408614,"hard, late, greater, expensive, large, cutting, near, broad, most, more, closed, significant, narrow, wide, available, adequate, new, first, single, difficult, complete"
-0.08333333333333333,past
0.12285714285714287,"high, great, closed"
0.5,top
0.1388888888888889,"true, greater, few, first, down, success, intense, kind"
0.05113636363636364,"previously, generally, toilet, ok, better, little, light, wrong"
0.14041005291005296,"interesting, loud, down, drunk, completely, hidden, much, most, past, more, own, little, safe, young, particularly, liked, dark, huge, nice"
0.20125,"particularly, lovely, good, much, closed, absolutely, little, very"
0.1037037037037037,"loving, slightly, lovely"
-0.31958333333333333,"slowly, menacing, dark, vibrant, very"
-0.2216496598639456,"least, smart, slowly, menacing, dark, little, vibrant, very"
0.125,"other, more, very"
0.027620851370851372,"hard, late, greater, expensive, large, cutting, near, broad, most, more, closed, significant, narrow, wide, available, adequate, new, first, single, difficult, complete"
0.2333333333333333,beloved
0.525,"successful, golden"
-0.07692307692307693,raw
0.2666666666666667,"pleasant, green"
0.65,"very, famous"
0.7,wise
0.12083333333333333,"most, behind, first, original, partial, marked"
-0.07777777777777778,down
0.05,fixed
0.5,riveting
0.275,"first, success"
0.026599326599326595,"modern, new, old, dramatic"
0.225,"greater, light"
-0.07142857142857142,"limited, bare"
0.5481481481481482,"great, perfect, down"
0.5,"modern, great"
-0.3,rude
0.1,old
0.175,"thanks, cloudless"
0.4,light
-0.003267045454545453,"new, much, long, mean"
0.15000000000000002,"few, great, dark"
-0.2,narrow
0.25,first
0.9,"great, perfectly"
0.075,"devoid, first"
0.18974358974358974,"light, clean, more, very"
0.8,"greatly, appreciated"
0.1901515151515152,"complex, notably, main, usual, great, other, late"
-0.07142857142857142,limited
-0.09821428571428571,"limited, hot"
0.2558333333333333,"cool, first, very"
0.35,"thanks, many"
-0.0025793650793650936,"behind, interesting, other, awkward, little, more, right, down, sure, beautiful, slightly, slowly, light, evil, huge, apparently, really, narrowly"
0.13097943722943725,"few, greatly, terribly, past, real, large, loud, right, busy, light, rightly, anxious, calm, nice, odd, really, major"
0.03743799603174603,"nice, lovely, past, large, little, sure, down, slow, huge, wrong, odd"
0.21666666666666667,"thanks, marked, first, many"
0.22037037037037038,"excellent, first, many, thanks, previous, really, very"
0.03333333333333333,clear
-0.18333333333333335,"subject, round"
0.13,"top, common"
0.3,worth
0.25,"exactly, first"
0.8,happy
0.43333333333333335,strong
0.3007936507936508,"old, great, right, lucky"
0.31666666666666665,"exact, good"
0.1,"light, narrow"
0.1645021645021645,"new, special"
0.12424242424242422,"new, direct"
-0.25,lazy
-0.21333333333333335,"high, base"
0.26666666666666666,"previously, good"
0.05,first
0.16666666666666666,first
0.375,rich
0.21875000000000006,"welcome, enjoy, first, entertaining, thanks, exhausting"
0.10082539682539685,"hidden, lovely, high, right, great, early, odd"
0.09999999999999999,clear
0.15000000000000002,concrete
-0.10340909090909092,"concrete, old, new, base"
0.1431818181818182,"new, concrete"
0.2380952380952381,"smart, top"
-0.05625,"other, new, old, platitudes"
-0.026785714285714284,certainly
0.1,enigmatic
0.1090909090909091,"modern, new, old"
0.38333333333333336,"apparently, bright, light"
0.35,full
0.13434343434343435,"new, old, 'older"
0.275,"small, great"
0.14696969696969697,"promising, good, fine, long, huge"
-0.15109890109890112,"single, raw"
0.1,"fantastic, round"
0.15,first
0.08,high
0.13392857142857142,"much, right, very, peaceful"
0.2708333333333333,"first, famous"
0.125,pretty
0.4,fantastic
0.4,available
0.16666666666666666,main
0.15284090909090908,"new, old, original"
-0.16666666666666666,black'ish
0.3,golden
-0.25,blind
-0.15,ruins
0.5833333333333334,"free, creative, beautiful"
-0.08333333333333333,slightly
0.025238095238095243,"few, pale, important, special, usual, very"
0.35,"straight, lovely"
0.1,lovely
0.2,light
0.55,"nice, iconic"
0.08333333333333333,classic
0.04375,"other, nice, least"
0.35,"modern, more"
0.05333333333333332,"behind, fresh, really, classic"
0.2253968253968254,"free, clearly, right, classic"
0.1875,unique
0.12424242424242422,"new, old"
0.4125,"clearly, good"
0.525,"beautifully, real"
0.07714285714285714,"complete, right"
0.85,beautiful
0.2,important
1.0,perfect
0.09523809523809523,right
0.175,"nice, clear"
0.07999999999999999,"dead, liked"
0.5750000000000001,"complete, liked, perfect"
0.04047619047619048,"half, best, long, round, failed, really"
0.11666666666666665,"round, liked, long"
-0.0875,"fast, past"
-0.3,negative
0.9375,own
0.3375,"much, great"
0.25,most
-0.15,dark
0.7000000000000001,bright
0.27142857142857146,"modern, busy, more, right"
0.4,"huge, fresh, worth, lovely"
0.25,impressive
-0.6,aghast
0.13107142857142856,"behind, excuse, barely, happy, quick, right, sorry, other, decent"
0.16666666666666666,lucky
0.002499999999999991,"little, good, quickly, unfortunately"
-0.175,mess
-0.6666666666666666,"cold, bloody"
1.0,"attractive, very"
-0.6,crazy
-0.1,pink
-0.09791666666666665,"original, crazy, half"
0.17777777777777778,"best, negative, black"
0.2222222222222222,"nice, down"
0.39583333333333337,"best, black"
0.25,magic
0.40625,"little, perfect"
0.25,handsome
0.65,"proud, more"
-0.13333333333333333,round
0.5,"light, liked"
0.13636363636363635,live
0.1,nearly
0.5,perfect
0.3766666666666667,"round, pleasant, very"
-0.39999999999999997,"twisted, heavy"
-0.06538461538461539,"near, raw"
0.1875,first
0.09475405546834118,"modern, raw, vital, right, easily, other"
0.12402972027972026,"capable, raw, fixed, primarily, many, mainly, originally, typical, own, usually, great, live"
0.06415979853479854,"modern, raw, vital, right, easily, ruins, other"
0.18333333333333335,"true, first"
0.25,"old, important"
-0.08333333333333333,black
-0.16666666666666666,hidden
0.3055555555555555,"more, vibrant"
-0.06666666666666668,"behind, old"
0.03125,major
0.175,"nice, sure"
0.1,"old, young"
0.3145833333333333,"old, nicely, fine, much, liked, comic, original"
0.3311363636363636,"greater, new, more, many, great, other"
1.0,great
-0.009999999999999998,"old, near, sure"
0.028124999999999997,"due, available, first"
0.13766233766233765,"new, old, certainly"
0.48214285714285715,"certainly, nicely"
0.27499999999999997,"pretty, lovely, very"
0.5,many
0.3347727272727273,"welcome, modern, old, unique, impressive, new, love"
-0.25,alien
0.3023376623376623,"modern, old, nicely, new, great, very"
0.2125,"black, full"
-0.2,dead
0.17115384615384618,"more, importantly, long, success, great, other, filled"
-0.1763888888888889,"tired, down, dark"
0.10518707482993195,"idiots, large, early, luckily, other, pleasant"
0.5,"more, happy"
0.3169642857142857,"certainly, happy, very"
0.5,"happy, very"
0.21666666666666665,"few, beautiful"
0.11481481481481481,down
0.11481481481481481,"more, down"
0.06977777777777779,"high, more, down"
0.005055555555555552,"little, high, particular, down"
0.1755952380952381,"limited, top, lovely"
0.19523809523809524,"gorgeous, lovely, classic"
0.014409722222222218,"other, little, smile, classic"
0.24404761904761904,"pretty, certainly, impressive"
0.47000000000000003,"true, appropriate, best"
0.17414965986394557,"top, far, right, classic"
0.271,"gorgeous, kindly, due, very"
0.39444444444444443,"least, many, classic, nice, really"
0.14444444444444446,"love, very, classic"
0.27346938775510204,"greater, bright, able, large"
0.35555555555555557,"clean, lovely, very"
0.36111111111111116,"excellent, lovely, least, classic, lovingly, really"
0.33055555555555555,"clean, many"
0.25,top
0.275,"interesting, rose"
0.0875,"original, few"
-0.05,round
0.42857142857142855,"large, spectacular, wide, best"
0.25,"spectacular, wide"
0.3180555555555556,"hard, many, rose, love"
0.46875,"ok, first"
0.5,favorite
0.15,"few, more"
0.25,ready
0.1,wild
0.12329545454545453,"'good, directly, interesting, few, good, wet, enthusiastic, random, originally, cold, dark, general, hard, full, pleasant, fun, really, horrible"
0.3071428571428571,"little, more, great, beautiful"
0.2453125,"little, more, great, beautiful"
0.025722789115646256,"behind, reasonable, large, full, clear, dark, little, light, previous"
-0.0625,other
-0.0016666666666666746,"few, first, unfortunately, subject, wide, ill, nice"
-0.013392857142857146,"large, wet, cold, other, nice"
0.1977249236551562,"impressive, down, top, great, love, really, fairly, near, ok, few, happy, good, high, more, sad, sure, pretty, available, own, live, light, interested, little, excellent, new, difficult, firstly"
0.3342361111111111,"first, down, kindly, light, very"
0.1764423076923077,"most, greater, becoming, major, largely, first, near, developed, foreign, astonishing, plain"
0.2572727272727272,"old, new, reasonably, beautiful, very"
0.100625,"rare, dark, other, nice, very"
-0.1607142857142857,"alien, limited"
0.325,"concrete, more"
-0.08452380952380951,"able, pretty, slightly, round, thick, stupid"
-0.23076923076923078,raw
0.12000000000000002,"modern, behind, many, sure, great"
-0.5,failed
0.5,better
-0.03333333333333333,toilet
-0.5,weird
0.2333333333333333,"far, own"
-0.05,long
0.14285714285714285,right
1.0,happy
0.025,near
-0.15277777777777776,"other, previous"
0.09791666666666667,"other, long, better"
0.05,old
-0.1,unknown
-0.03333333333333333,closed
0.3,"black, golden"
0.27666666666666667,"behind, satisfying, talented, very, famous"
0.033333333333333326,"small, ruins, love"
-0.2,fluffy
0.29291666666666666,"good, quick, talented, free, very"
0.12259259259259257,"pleased, few, half, brilliant, high, down, warm, typical, small, really"
0.11818181818181818,"new, old, black"
-0.2,behind
0.5,magic
0.11567682317682318,"dull, flat, raw, more, right, pretty, love, dark, little, decent, very"
0.3500000000000001,"complex, great"
-0.18333333333333335,"behind, near, sure"
0.10000000000000002,"black, awkward, wide, great, better"
0.24772727272727274,"modern, perfectly, first, originally, great, complete"
0.20000000000000004,"fantastic, old"
-0.016666666666666666,long
0.2681818181818182,"live, free"
0.34545454545454546,"live, free, entertaining"
-0.07142857142857142,single
0.19166666666666665,"few, best, great, dark, ideal"
-0.09999999999999999,"less, subtle, very"
0.00416666666666668,"less, more, slightly, dark"
0.30000000000000004,"free, straight"
0.07142857142857142,"other, much, first, original, early, partially"
-0.15000000000000002,bass
0.09999999999999998,"wrong, good"
0.5,safe
0.25,lovely
0.5,most
0.21212121212121213,"free, new, old"
0.15900974025974024,"most, frequent, many, first, popular, right, slow, great, early, complete, major"
0.25,funny
-0.12777777777777777,"closed, down"
0.3125,funny
-0.25,sure
0.4,cheap
0.35750000000000004,"guilty, magic, right, near, nice"
0.425,nice
0.1,young
-0.04166666666666666,"odd, more, weird"
-0.1875,weird
-0.08055555555555555,"other, spent, drunk"
0.75,"wonderful, love"
0.21233766233766233,"past, amazing, new, more, striking"
0.30288342609771185,"certainly, interesting, enjoy, positive, successful, originally, near, special, creative, curious, clever"
-0.375,"pretty, bored"
0.27878787878787875,"new, old, liked"
0.3214285714285715,"whole, best, alive, first, love, round, light"
0.1,modern
0.02500000000000001,"modern, ruins"
0.21726190476190474,"modern, most, missing, quickly, large, wise, great, brutal"
0.05,"modern, old, small, better"
0.13333333333333333,"marked, golden"
0.1517857142857143,"special, first"
0.011111111111111118,"strange, first, black"
0.65,"welcome, more"
-0.2,few
0.07083333333333335,"little, spent, better"
0.375,originally
0.625,superb
-0.1875,little
0.1125,"originally, dark"
-0.06666666666666667,"behind, grey"
0.55,beautiful
0.375,stunning
0.7083333333333334,"gay, happy"
-0.03749999999999999,"sad, very, normal"
-0.43333333333333335,"illegal, highly, secret"
0.3287878787878788,"new, old, great, good"
0.78,"kindly, very"
0.69,"kindly, liked, very"
0.14,"kindly, very, unfortunately"
0.11875,"originally, near"
0.08,"developed, few, more"
