latitude,longitude,polarity
53.474161,-2.252886,0.08357142857142856
53.474676,-2.256875,0.0
53.474676,-2.256875,0.0
53.474676,-2.256875,0.0
53.474676,-2.256875,0.0
53.474894,-2.251828,0.0
53.474544,-2.257173,0.0
53.47453,-2.257764,0.0
53.476354,-2.254237,0.0
53.474674,-2.256651,0.0
53.474674,-2.256651,0.0
53.474674,-2.256651,0.0
53.474674,-2.256651,0.0
53.474674,-2.256651,0.0
53.474674,-2.256651,0.0
53.474349,-2.256941,0.0
53.474349,-2.256941,0.0
53.474603,-2.254412,0.0
53.476352,-2.253314,0.0
53.473686,-2.256102,0.0
53.474391,-2.25165,0.11875
53.47465,-2.251239,0.0
53.473541,-2.251589,0.0
53.473838,-2.253139,0.0
53.47423,-2.257048,0.0
53.474082,-2.253077,0.0
53.47465,-2.255598,0.5
53.475441,-2.25833,0.0
53.478065,-2.258203,0.0
53.475736,-2.250989,0.125
53.474625,-2.254053,0.0
53.475225,-2.256027,0.0
53.474676,-2.251092,0.16
53.474603,-2.254412,0.0
53.473865,-2.255995,0.0
53.474194,-2.253206,0.18333333333333335
53.475212,-2.255673,0.06651785714285714
53.475212,-2.255673,0.06651785714285714
53.475212,-2.255673,0.06260504201680672
53.475212,-2.255673,0.06651785714285714
53.475291,-2.256964,0.0
53.475077,-2.257167,0.0
53.475211,-2.257023,0.0
53.47515,-2.256431,0.0
53.474622,-2.256559,0.0
53.474572,-2.255789,0.0
53.4745,-2.25595,0.0
53.474547,-2.255825,0.0
53.474538,-2.255662,0.0
53.47453,-2.255362,0.0
53.474572,-2.254767,0.0
53.474547,-2.254581,0.0
53.474302,-2.253387,0.0
53.474525,-2.252167,0.0
53.475522,-2.256801,0.0
53.4742,-2.253232,0.0
53.4742,-2.253232,0.0
53.474328,-2.252717,0.1875
53.474328,-2.252717,0.1875
53.474328,-2.252717,0.1875
53.474603,-2.254412,0.04285714285714286
53.474603,-2.254412,0.04285714285714286
53.474603,-2.254412,0.04285714285714286
53.474603,-2.254412,0.04285714285714286
53.474603,-2.254412,0.04285714285714286
53.475282,-2.255662,0.20075757575757575
53.473986,-2.253195,0.0
53.475576,-2.250459,0.0
53.475576,-2.250459,0.0
53.475595,-2.250523,0.0
53.475576,-2.250459,0.0
53.475595,-2.250523,0.0
53.475595,-2.250523,0.0
53.475595,-2.250523,0.0
53.475576,-2.250459,0.0
53.475576,-2.250459,0.0
53.475576,-2.250459,0.0
53.474625,-2.25357,0.0
53.474625,-2.25357,0.0
53.474625,-2.25357,0.0
53.475258,-2.250364,0.5
53.476105,-2.25465,0.5
53.475341,-2.253631,0.5
53.474268,-2.250826,0.5
53.474247,-2.256543,0.5
53.475202,-2.255498,0.0
53.474691,-2.256816,0.5
53.473656,-2.262374,0.5
53.474269,-2.260657,0.5
53.473656,-2.262374,0.5
53.474247,-2.256543,0.5
53.474525,-2.259262,0.2
53.474525,-2.259262,0.5
53.474525,-2.259262,0.5
53.474525,-2.259262,0.5
53.474716,-2.25894,0.25
53.474716,-2.25894,0.5
53.474793,-2.258661,0.5
53.474716,-2.25894,0.5
53.474716,-2.25894,0.25
53.474247,-2.256543,0.5
53.474065,-2.257031,0.5
53.474065,-2.257031,0.5
53.474269,-2.257267,0.5
53.475697,-2.254531,0.5
53.474247,-2.256543,0.5
53.474295,-2.257503,0.5
53.474129,-2.257996,0.5
53.474129,-2.257996,0.25
53.473777,-2.255189,0.5
53.473777,-2.255189,0.5
53.474206,-2.258554,0.25
53.474206,-2.258554,0.25
53.474525,-2.257953,0.5
53.474525,-2.257953,0.5
53.474525,-2.257953,0.5
53.473938,-2.2564,0.5
53.475163,-2.257953,0.5
53.475163,-2.257953,0.5
53.475136,-2.257175,0.5
53.475136,-2.257175,0.5
53.475136,-2.257175,0.5
53.475136,-2.257175,0.5
53.476775,-2.256353,0.5
53.476775,-2.256353,0.5
53.476775,-2.256353,0.5
53.474091,-2.257374,0.5
53.474065,-2.257031,0.5
53.474541,-2.253481,0.5
53.474317,-2.254161,0.5
53.474247,-2.256543,0.5
53.476591,-2.254728,0.5
53.476939,-2.256859,0.25
53.47635,-2.253617,0.5
53.475726,-2.252979,0.5
53.475726,-2.252979,0.5
53.474647,-2.256756,0.0
53.474113,-2.256531,0.0
53.474469,-2.256914,0.0
53.47388,-2.25642,0.0
53.47388,-2.256414,0.0
53.473566,-2.255934,0.0
53.473705,-2.256275,0.0
53.473694,-2.256017,0.0
53.475202,-2.255498,0.0
53.475202,-2.255498,0.0
53.475202,-2.255498,0.0
53.474676,-2.256875,0.0
53.474676,-2.256875,0.3
53.475411,-2.254567,0.0
53.475547,-2.254398,0.0
53.475802,-2.25655,0.0
53.476722,-2.256092,0.0
53.478366,-2.260029,0.0
53.475327,-2.254697,0.1111111111111111
53.474395,-2.251456,0.0
53.478337,-2.259462,0.0
53.475419,-2.255772,0.0
53.475419,-2.255772,0.0
53.475745,-2.25692,0.0
53.475419,-2.255772,0.0
53.475745,-2.25692,0.0
53.475419,-2.255772,0.0
53.475745,-2.25692,0.16666666666666666
53.475745,-2.25692,0.0
53.474364,-2.256715,0.0
53.474383,-2.256221,0.0
53.472929,-2.254034,0.0
53.474666,-2.251162,0.0
53.474366,-2.258453,0.0
53.474366,-2.258453,0.0
53.474638,-2.256684,0.0
53.474638,-2.256684,0.0
53.474638,-2.256684,0.0
53.473669,-2.256148,0.0
53.473669,-2.256148,1.0
53.473669,-2.256148,0.0
53.474638,-2.256684,0.0
53.474638,-2.256684,0.0
53.474638,-2.256684,0.0
53.474172,-2.256081,0.0
53.474638,-2.256684,0.0
53.474638,-2.256684,0.0
53.474638,-2.256684,0.0
53.474638,-2.256684,0.0
53.474577,-2.257495,0.0
53.475155,-2.256628,0.0
53.475155,-2.256628,0.0
53.475155,-2.256628,0.0
53.475155,-2.256628,0.0
53.475155,-2.256628,0.0
53.475155,-2.256628,0.0
53.475155,-2.256628,0.0
53.475155,-2.256628,0.0
53.475155,-2.256628,0.0
53.474634,-2.255922,0.0
53.474638,-2.256684,0.0
53.474402,-2.255992,0.0
53.474402,-2.255992,0.0
53.474019,-2.2557,0.0
53.474186,-2.253137,0.0
53.474019,-2.2557,0.0
53.474019,-2.2557,0.0
53.474552,-2.251956,0.0
53.474552,-2.251956,0.0
53.474552,-2.251956,0.0
53.475136,-2.255619,0.0
53.475015,-2.256424,-0.15555555555555556
53.475015,-2.256424,0.0
53.474794,-2.250546,0.0
53.474794,-2.250546,0.0
53.474829,-2.256596,0.0
53.474829,-2.256596,0.5
53.475015,-2.256424,0.0
53.474676,-2.258173,0.0
53.473814,-2.261499,-0.11833333333333336
53.475891,-2.256987,0.0
53.476138,-2.256837,0.0
53.476436,-2.256448,0.0
53.475586,-2.257189,0.0
53.475811,-2.257006,0.0
53.475452,-2.256998,0.0
53.475258,-2.25727,0.0
53.477484,-2.249022,0.023055555555555555
53.473708,-2.25057,0.08140909090909093
53.475155,-2.256982,0.0
53.475008,-2.256295,0.0
53.475244,-2.255889,0.0
53.475506,-2.256231,0.0
53.475225,-2.255254,0.0
53.47511,-2.256156,0.0
53.475128,-2.254398,0.0
53.474701,-2.250362,0.0
53.474701,-2.250362,0.0
53.474701,-2.250362,0.0
53.471936,-2.25328,0.8
53.472754,-2.254278,0.8
53.472083,-2.253313,0.8
53.471668,-2.254471,0.0
53.472364,-2.254192,0.8
53.471528,-2.250587,0.8
53.472479,-2.250984,0.0
53.472479,-2.250984,0.0
53.472402,-2.251456,0.0
53.471802,-2.252991,0.8
53.474594,-2.251984,-0.010330578512396698
53.475094,-2.256345,0.07944055944055944
53.477179,-2.262368,0.3
53.475202,-2.255879,0.0
53.478366,-2.260029,-0.08272727272727273
53.474056,-2.253161,0.01858054226475279
53.474918,-2.25623,0.03253119429590018
53.474439,-2.256594,0.03253119429590018
53.474918,-2.25623,0.03253119429590018
53.474848,-2.257678,0.03253119429590018
53.474848,-2.257678,0.03253119429590018
53.474848,-2.257678,0.03253119429590018
53.474848,-2.257678,0.03253119429590018
53.475608,-2.253472,0.03253119429590018
53.474056,-2.253161,0.08
53.474056,-2.253161,0.07142857142857142
53.474056,-2.253161,0.08
53.474056,-2.253161,0.08
53.474056,-2.253161,0.08
53.474056,-2.253161,0.08
53.474056,-2.253161,0.08
53.474883,-2.257574,0.0
53.474056,-2.253161,0.3
53.474056,-2.253161,0.3
53.474056,-2.253161,0.3
53.474056,-2.253161,0.3
53.474056,-2.253161,0.3
53.474056,-2.253161,0.3
53.475033,-2.254137,-0.00505050505050505
53.477676,-2.249975,0.016666666666666666
53.474056,-2.253161,0.016666666666666666
53.473967,-2.253043,0.016666666666666666
53.478183,-2.258695,0.03333333333333333
53.478183,-2.258695,0.0
53.473919,-2.256364,0.0
53.472517,-2.260286,0.0
53.474791,-2.257207,0.0
53.473833,-2.256334,0.0
53.474469,-2.252512,0.16153846153846155
53.474511,-2.254773,0.16153846153846155
53.474766,-2.2518,0.0
53.474766,-2.2518,0.0
53.474766,-2.2518,0.0
53.475963,-2.253339,0.10714285714285712
53.475413,-2.253823,0.10714285714285712
53.474738,-2.251081,0.013541666666666674
53.474676,-2.256875,0.0
53.473686,-2.256102,0.0
53.473686,-2.256102,0.0
53.475091,-2.253284,0.4
53.475183,-2.255664,0.0
53.475111,-2.256189,0.0
53.475155,-2.256628,0.0
53.47513,-2.256548,0.0
53.475116,-2.256662,0.0
53.475155,-2.256556,0.0
53.475147,-2.25647,0.0
53.475133,-2.256487,0.0
53.47523,-2.256364,0.5
53.475222,-2.256342,0.0
53.475088,-2.256189,0.0
53.475216,-2.25502,0.0
53.475163,-2.25485,0.0
53.475272,-2.253659,0.0
53.475063,-2.252709,0.0
53.474938,-2.252028,0.13636363636363635
53.474666,-2.251162,0.0
53.474638,-2.251398,0.0
53.472305,-2.251643,0.0
53.474676,-2.258173,0.0
53.474335,-2.250957,0.0
53.474335,-2.250957,0.0
53.47518,-2.25519,0.8
53.47518,-2.25519,0.0
53.47481,-2.258774,0.0
53.47518,-2.25519,0.0
53.475193,-2.256145,0.0
53.474963,-2.256606,0.0
53.475136,-2.256596,0.0
53.475193,-2.256145,0.0
53.475193,-2.256145,0.0
53.475625,-2.25665,0.0
53.474305,-2.252304,0.0
53.474503,-2.254836,0.16
53.474593,-2.251178,0.0
53.475863,-2.257153,-0.15555555555555556
53.473666,-2.256192,-0.024999999999999994
53.474931,-2.257722,0.0
53.474931,-2.257722,0.0
53.474931,-2.257722,0.0
53.474931,-2.257722,0.49333333333333335
53.474931,-2.257722,0.0
53.47458,-2.254911,0.0
53.475086,-2.256673,0.0
53.475005,-2.257034,0.0
53.475094,-2.256325,0.0
53.475158,-2.256014,0.0
53.474469,-2.253156,0.0
53.475078,-2.255816,-0.1
53.475078,-2.255816,-0.1
53.475078,-2.255816,-0.1
53.475255,-2.256137,-0.2
53.474842,-2.251621,0.0
53.478141,-2.259248,0.0
53.477997,-2.25842,0.0
53.478405,-2.25875,0.0
53.478405,-2.25875,0.0
53.478166,-2.258939,0.0
53.474944,-2.25681,0.0
53.475063,-2.257362,0.0
53.475155,-2.257173,0.0
53.475555,-2.250278,0.0
53.475555,-2.250278,0.0
53.475555,-2.250278,0.0
53.475652,-2.250492,0.0
53.474554,-2.249032,0.1
53.473952,-2.256445,0.0
53.474133,-2.25655,0.0
53.474455,-2.258103,0.0
53.474413,-2.258406,0.0
53.474505,-2.249089,0.0
53.474535,-2.249193,0.0
53.474535,-2.249193,0.0
53.47715,-2.254098,0.31
53.47715,-2.254098,0.3385416666666667
53.47715,-2.254098,0.0
53.47715,-2.254098,0.2
53.473443,-2.256113,0.0
53.475161,-2.256398,-0.1
53.47523,-2.256237,0.4166666666666667
53.476157,-2.253677,0.16666666666666669
53.474554,-2.256585,0.0
53.473884,-2.253366,-0.09928571428571428
53.474912,-2.25696,-0.125
53.474497,-2.255745,0.0
53.47602,-2.256165,0.0
53.474247,-2.256543,0.0
53.47826,-2.259537,0.0
53.474894,-2.251828,0.0
53.475164,-2.254892,0.0
53.475164,-2.254892,0.0
53.475164,-2.254892,0.0
53.475164,-2.254892,0.0
53.475164,-2.254892,0.0
53.475164,-2.254892,0.0
53.475164,-2.254892,0.0
53.475164,-2.254892,0.0
53.475164,-2.254892,0.0
53.475164,-2.254892,0.0
53.475164,-2.254892,0.0
53.475164,-2.254892,0.0
53.475164,-2.254892,0.0
53.475164,-2.254892,0.0
53.475164,-2.254892,0.0
53.475164,-2.254892,0.0
53.475164,-2.254892,0.0
53.475164,-2.254892,0.0
53.475164,-2.254892,0.0
53.475164,-2.254892,0.0
53.475164,-2.254892,0.0
53.475164,-2.254892,0.0
53.475164,-2.254892,0.0
53.475164,-2.254892,0.0
53.475164,-2.254892,0.0
53.475164,-2.254892,0.0
53.475164,-2.254892,0.0
53.475164,-2.254892,0.0
53.475164,-2.254892,0.0
53.475164,-2.254892,0.0
53.475164,-2.254892,0.0
53.475164,-2.254892,0.0
53.475164,-2.254892,0.0
53.475164,-2.254892,0.0
53.475164,-2.254892,0.0
53.475164,-2.254892,0.0
53.475164,-2.254892,0.0
53.475164,-2.254892,0.0
53.475164,-2.254892,0.0
53.475164,-2.254892,0.0
53.475164,-2.254892,0.0
53.475164,-2.254892,0.0
53.475164,-2.254892,0.0
53.475164,-2.254892,0.0
53.475164,-2.254892,0.0
53.475164,-2.254892,0.0
53.475164,-2.254892,0.0
53.475164,-2.254892,0.0
53.475164,-2.254892,0.0
53.475164,-2.254892,0.0
53.475164,-2.254892,0.0
53.475164,-2.254892,0.0
53.475164,-2.254892,0.0
53.475563,-2.250484,0.0
53.475566,-2.250345,0.0
53.476444,-2.256373,0.16153846153846155
53.475308,-2.251253,0.0
53.47654,-2.253688,-0.16666666666666666
53.475551,-2.256113,0.0
53.475602,-2.256628,0.0
53.475602,-2.256628,0.0
53.474548,-2.257894,0.0
53.474676,-2.256875,0.0
53.474886,-2.255619,0.0
53.477741,-2.26123,0.0
53.473677,-2.254178,0.0
53.473705,-2.256128,0.0
53.474683,-2.256789,0.0
53.475336,-2.256814,0.0
53.476536,-2.256337,0.0
53.476002,-2.254509,0.11818181818181818
53.474791,-2.252776,-0.21666666666666667
53.47474,-2.258205,0.0
53.474842,-2.257186,0.0
53.47474,-2.258205,0.16666666666666666
53.474433,-2.257025,0.0
53.477011,-2.254053,0.0
53.476786,-2.257114,0.0
53.476561,-2.256481,0.0
53.475122,-2.257139,0.0
53.474552,-2.256003,0.0
53.474552,-2.255906,0.0
53.474519,-2.25532,0.0
53.475638,-2.25622,0.31927272727272726
53.475734,-2.256596,0.31927272727272726
53.475734,-2.256596,0.31927272727272726
53.475219,-2.256449,0.0
53.474746,-2.251113,-0.2625
53.4758,-2.25645,0.0
53.4757,-2.25655,0.0
53.4753,-2.25548,0.0
53.4751,-2.25468,0.0
53.4751,-2.25455,0.0
53.475,-2.25393,0.0
53.4748,-2.25076,0.0
53.477134,-2.25563,0.02886904761904762
53.474081,-2.251145,0.36266233766233763
53.474829,-2.256596,0.0
53.474829,-2.256596,0.0
53.474344,-2.256792,0.0
53.474444,-2.249723,0.0
53.474803,-2.257497,0.0
53.474031,-2.256735,0.0
53.475046,-2.256885,0.3
53.475244,-2.254782,0.0
53.474544,-2.250942,0.0
53.474569,-2.255639,0.0
53.474588,-2.25325,0.0
53.473443,-2.256113,0.0
53.474697,-2.253828,0.0
53.474586,-2.258523,0.0
53.474695,-2.258291,0.08333333333333333
53.474563,-2.255984,0.0
53.477411,-2.255308,0.5
53.477411,-2.255308,0.65
53.477411,-2.255308,0.1392857142857143
53.473984,-2.25645,0.0
53.473984,-2.25645,0.0
53.473984,-2.25645,0.0
53.473984,-2.25645,0.0
53.473984,-2.25645,0.0
53.473984,-2.25645,0.0
53.473984,-2.25645,0.0
53.473984,-2.25645,0.0
53.473984,-2.25645,0.0
53.473984,-2.25645,0.0
53.473984,-2.25645,0.0
53.473984,-2.25645,0.0
53.473984,-2.25645,0.0
53.473984,-2.25645,0.0
53.473984,-2.25645,0.0
53.473984,-2.25645,0.0
53.473984,-2.25645,0.0
53.473984,-2.25645,0.0
53.473984,-2.25645,0.0
53.473984,-2.25645,0.0
53.473984,-2.25645,0.0
53.473984,-2.25645,0.0
53.473984,-2.25645,0.0
53.473984,-2.25645,0.0
53.473984,-2.25645,0.0
53.473984,-2.25645,0.0
53.473984,-2.25645,0.0
53.473984,-2.25645,0.0
53.473984,-2.25645,0.0
53.473984,-2.25645,0.0
53.473984,-2.25645,0.0
53.473984,-2.25645,0.0
53.473984,-2.25645,0.0
53.473984,-2.25645,0.0
53.473984,-2.25645,0.0
53.473984,-2.25645,0.0
53.473984,-2.25645,0.0
53.473984,-2.25645,0.0
53.473984,-2.25645,0.0
53.473984,-2.25645,0.0
53.473984,-2.25645,0.0
53.473984,-2.25645,0.0
53.473984,-2.25645,0.0
53.473984,-2.25645,0.0
53.473984,-2.25645,0.0
53.473984,-2.25645,0.0
53.473984,-2.25645,0.0
53.473984,-2.25645,0.0
53.473984,-2.25645,0.0
53.473984,-2.25645,0.0
53.473984,-2.25645,0.0
53.473984,-2.25645,0.0
53.473984,-2.25645,0.0
53.473984,-2.25645,0.0
53.473984,-2.25645,0.0
53.473984,-2.25645,0.0
53.473984,-2.25645,0.0
53.473984,-2.25645,0.0
53.473984,-2.25645,0.0
53.473984,-2.25645,0.0
53.473984,-2.25645,0.0
53.473984,-2.25645,0.0
53.473984,-2.25645,0.0
53.473984,-2.25645,0.0
53.473984,-2.25645,0.0
53.473984,-2.25645,0.0
53.473984,-2.25645,0.0
53.473984,-2.25645,0.0
53.473984,-2.25645,0.0
53.473984,-2.25645,0.0
53.473984,-2.25645,0.0
53.473984,-2.25645,0.0
53.473984,-2.25645,0.0
53.473984,-2.25645,0.0
53.473984,-2.25645,0.0
53.473984,-2.25645,0.0
53.473984,-2.25645,0.0
53.473984,-2.25645,0.0
53.473984,-2.25645,0.0
53.473984,-2.25645,0.0
53.473984,-2.25645,0.0
53.473984,-2.25645,0.0
53.473984,-2.25645,0.0
53.473984,-2.25645,0.0
53.473984,-2.25645,0.0
53.473984,-2.25645,0.0
53.473984,-2.25645,0.0
53.473984,-2.25645,0.0
53.473984,-2.25645,0.0
53.473984,-2.25645,0.0
53.473984,-2.25645,0.0
53.473984,-2.25645,0.0
53.473984,-2.25645,0.0
53.473984,-2.25645,0.0
53.473984,-2.25645,0.0
53.473984,-2.25645,0.0
53.473984,-2.25645,0.0
53.473984,-2.25645,0.0
53.473984,-2.25645,0.0
53.473984,-2.25645,0.0
53.473984,-2.25645,0.0
53.473984,-2.25645,0.0
53.473984,-2.25645,0.0
53.473984,-2.25645,0.0
53.473984,-2.25645,0.0
53.473984,-2.25645,0.0
53.473984,-2.25645,0.0
53.473984,-2.25645,0.0
53.473984,-2.25645,0.0
53.473984,-2.25645,0.0
53.473984,-2.25645,0.0
53.473984,-2.25645,0.0
53.473984,-2.25645,0.0
53.473984,-2.25645,0.0
53.473984,-2.25645,0.0
53.473984,-2.25645,0.0
53.473984,-2.25645,0.0
53.473984,-2.25645,0.0
53.473984,-2.25645,0.0
53.473984,-2.25645,0.0
53.473984,-2.25645,0.0
53.473984,-2.25645,0.0
53.473984,-2.25645,0.0
53.473984,-2.25645,0.0
53.473984,-2.25645,0.0
53.473984,-2.25645,0.0
53.473984,-2.25645,0.0
53.473984,-2.25645,0.0
53.473984,-2.25645,0.0
53.473984,-2.25645,0.0
53.473984,-2.25645,0.0
53.473984,-2.25645,0.0
53.473984,-2.25645,0.0
53.473984,-2.25645,0.0
53.474311,-2.25166,0.0
53.474628,-2.253762,0.0
53.474454,-2.258956,0.0
53.47521,-2.257143,0.0
53.47458,-2.255802,0.10833333333333334
53.474263,-2.256537,0.0
53.474284,-2.250931,0.0
53.474437,-2.257143,0.0
53.477891,-2.249075,0.6
53.474689,-2.250223,0.0
53.474165,-2.259106,0.0
53.474165,-2.259106,0.0
53.474165,-2.259106,0.0
53.474165,-2.259106,0.0
53.474165,-2.259106,0.0
53.474165,-2.259106,0.0
53.475312,-2.256853,0.11818181818181818
53.475203,-2.257025,0.11818181818181818
53.474747,-2.25769,0.0
53.475397,-2.256892,0.25876190476190475
53.475613,-2.256739,0.12456709956709956
53.473802,-2.254598,0.1425
53.474147,-2.256531,0.03125
53.474505,-2.257889,0.0
53.474763,-2.256714,0.16666666666666666
53.473633,-2.255073,0.09764069264069263
53.473802,-2.254598,-0.06666666666666667
53.473802,-2.254598,0.028124999999999997
53.474522,-2.252081,0.14500000000000002
53.474311,-2.25335,0.0655988455988456
53.474311,-2.25335,0.09999999999999999
53.473686,-2.256102,0.2
53.47495,-2.254729,0.3
53.473916,-2.25357,0.0
53.476655,-2.253881,0.0
53.476521,-2.253484,0.0
53.474404,-2.251135,0.0
53.474452,-2.25828,0.0
53.476227,-2.24915,0.0
53.47829,-2.249032,0.8
53.47705,-2.249395,0.0
53.476816,-2.249414,0.0
53.476816,-2.249414,0.0
53.476816,-2.249414,0.0
53.476816,-2.249414,0.0
53.476816,-2.249414,0.0
53.477136,-2.250048,0.0
53.477205,-2.249184,0.0
53.477205,-2.249184,0.0
53.477205,-2.249184,0.0
53.477205,-2.249184,0.0
53.477205,-2.249184,0.0
53.477205,-2.249184,0.0
53.477205,-2.249184,0.0
53.477205,-2.249184,0.0
53.477205,-2.249184,0.0
53.477205,-2.249184,-0.2
53.477205,-2.249184,-0.2
53.477261,-2.249037,0.0
53.477261,-2.249037,0.0
53.477261,-2.249037,0.0
53.477261,-2.249037,-0.2
53.477261,-2.249037,0.0
53.477261,-2.249037,0.0
53.477261,-2.249037,0.0
53.477261,-2.249037,0.0
53.477261,-2.249037,0.0
53.477261,-2.249037,0.0
53.477261,-2.249037,0.0
53.477261,-2.249037,0.0
53.477261,-2.249037,0.0
53.477261,-2.249037,0.0
53.477261,-2.249037,0.0
53.477261,-2.249037,0.0
53.477261,-2.249037,0.0
53.477261,-2.249037,0.0
53.477261,-2.249037,0.0
53.477261,-2.249037,0.0
53.477261,-2.249037,0.0
53.477261,-2.249037,0.0
53.477261,-2.249037,0.0
53.477261,-2.249037,0.0
53.477261,-2.249037,0.0
53.477261,-2.249037,0.0
53.477261,-2.249037,0.0
53.477261,-2.249037,0.6
53.477261,-2.249037,0.0
53.477261,-2.249037,0.0
53.477261,-2.249037,0.0
53.477261,-2.249037,0.0
53.477261,-2.249037,0.0
53.477261,-2.249037,0.0
53.477261,-2.249037,0.0
53.477261,-2.249037,0.0
53.477261,-2.249037,0.0
53.476744,-2.249203,0.0
53.476744,-2.249203,-0.05
53.476744,-2.249203,0.21428571428571427
53.476744,-2.249203,-0.25
53.476744,-2.249203,0.0
53.476744,-2.249203,0.0
53.476744,-2.249203,-0.017857142857142863
53.476744,-2.249203,0.0
53.476744,-2.249203,0.0
53.476744,-2.249203,0.0
53.476744,-2.249203,0.0
53.476744,-2.249203,0.0
53.476744,-2.249203,0.0
53.476744,-2.249203,0.8
53.476744,-2.249203,0.0
53.477261,-2.249037,0.0
53.477261,-2.249037,0.0
53.477261,-2.249037,0.0
53.477261,-2.249037,0.0
53.477261,-2.249037,0.0
53.477261,-2.249037,0.0
53.477261,-2.249037,0.0
53.477261,-2.249037,0.0
53.477261,-2.249037,0.0
53.477261,-2.249037,0.0
53.477261,-2.249037,0.0
53.477261,-2.249037,-0.1875
53.477261,-2.249037,0.0
53.477261,-2.249037,0.0
53.476744,-2.249203,0.0
53.477261,-2.249037,0.0
53.477261,-2.249037,0.0
53.477261,-2.249037,0.0
53.477261,-2.249037,0.0
53.477261,-2.249037,0.0
53.477261,-2.249037,0.0
53.477261,-2.249037,0.0
53.477261,-2.249037,0.8
53.477261,-2.249037,0.0
53.477261,-2.249037,0.0
53.477261,-2.249037,0.0
53.477261,-2.249037,0.0
53.477261,-2.249037,0.0
53.477261,-2.249037,0.0
53.477261,-2.249037,0.13636363636363635
53.477261,-2.249037,0.0
53.477261,-2.249037,0.0
53.477261,-2.249037,0.0
53.477261,-2.249037,0.0
53.477261,-2.249037,-0.10833333333333334
53.477261,-2.249037,0.0
53.477261,-2.249037,0.0
53.476744,-2.249203,0.0
53.478344,-2.249637,0.0
53.474404,-2.251135,0.2857142857142857
53.475162,-2.25651,0.0
53.475022,-2.249425,-0.25
53.474602,-2.250214,0.0
53.474577,-2.252009,0.0
53.476227,-2.24915,0.0
53.476227,-2.24915,0.0
53.476227,-2.24915,0.0
53.475895,-2.251274,0.4
53.476521,-2.253484,0.0
53.476521,-2.253484,0.0
53.474575,-2.255823,0.0
53.475525,-2.25592,0.0
53.475525,-2.25592,0.0
53.475525,-2.25592,0.0
53.473622,-2.255351,0.0
53.47366,-2.255415,0.0
53.47502,-2.257016,0.0
53.47502,-2.257016,0.0
53.477517,-2.249987,0.8
53.477856,-2.249418,0.8
53.474772,-2.25062,0.0
53.473565,-2.255952,0.0
53.474583,-2.251156,-0.1
53.474404,-2.251135,-0.16666666666666666
53.475236,-2.254712,0.05
53.477866,-2.259503,0.0
53.474088,-2.25313,0.0
53.474701,-2.250362,0.0
53.474995,-2.251929,0.0
53.47526,-2.256724,0.0
53.47526,-2.256724,0.0
53.47526,-2.256724,0.0
53.47383,-2.260286,0.5
53.476103,-2.252326,0.0
53.474918,-2.2518,0.0
53.47503,-2.257293,0.0
53.473961,-2.2533,0.0
53.474586,-2.252304,0.0
53.474452,-2.250531,-0.025
53.474152,-2.251167,0.10555555555555556
53.474874,-2.257207,0.7
53.474086,-2.254349,0.0
53.474586,-2.251832,0.0
53.474867,-2.251746,-0.15555555555555556
53.477013,-2.254943,0.0
53.476515,-2.254149,0.0
53.474855,-2.256531,0.0
53.47488,-2.256531,0.0
53.474752,-2.256467,0.0
53.474637,-2.255737,0.0
53.475097,-2.255995,0.0
53.474663,-2.255458,0.0
53.474778,-2.256703,0.0
53.474808,-2.250362,0.0
53.475911,-2.2509,-0.03333333333333333
53.474772,-2.250738,0.0
53.475797,-2.253731,0.0
53.473683,-2.25636,0.4166666666666667
53.474335,-2.258419,0.0
53.47348,-2.256131,0.3
53.474019,-2.256295,0.5
53.474526,-2.254879,0.0
53.474597,-2.256714,0.0
53.476341,-2.2563,0.0
53.4762,-2.256414,0.0
53.476105,-2.256473,0.0
53.476055,-2.256489,0.0
53.476055,-2.256489,0.0
53.476027,-2.25652,0.0
53.475808,-2.256625,0.0
53.475811,-2.256617,0.0
53.475638,-2.25667,0.0
53.475497,-2.256678,0.0
53.475483,-2.25667,0.0
53.475297,-2.25685,0.0
53.4753,-2.256859,0.0
53.475291,-2.256906,0.0
53.475297,-2.257006,0.0
53.475188,-2.256992,0.0
53.475125,-2.256973,0.0
53.475066,-2.2568,0.0
53.475052,-2.256756,0.0
53.474708,-2.25667,0.0
53.474675,-2.256714,0.0
53.474638,-2.256767,0.0
53.474561,-2.25712,0.0
53.474316,-2.256695,0.0
53.474183,-2.256603,0.0
53.474163,-2.256603,0.0
53.47393,-2.256214,0.0
53.473869,-2.256267,0.0
53.473708,-2.256378,0.0
53.473811,-2.256006,0.0
53.4738,-2.256089,0.0
53.473819,-2.256206,0.0
53.473541,-2.255462,0.0
53.473644,-2.255189,0.0
53.473563,-2.254881,0.0
53.473563,-2.2549,0.0
53.473586,-2.2548,0.0
53.473647,-2.254406,0.0
53.473647,-2.254406,0.0
53.473561,-2.254475,0.0
53.473902,-2.253664,0.0
53.474002,-2.253498,0.0
53.474002,-2.253498,0.0
53.474005,-2.253484,0.0
53.474005,-2.25335,0.0
53.473888,-2.252789,0.0
53.47393,-2.252831,0.0
53.474708,-2.256659,0.0
53.474708,-2.256659,0.0
53.474322,-2.251295,0.0
53.474316,-2.249128,0.0
53.474594,-2.249064,0.0
53.474561,-2.249242,0.0
53.474675,-2.250164,0.0
53.474655,-2.250275,0.0
53.474655,-2.250481,0.0
53.474613,-2.250642,0.0
53.47465,-2.252189,0.0
53.474666,-2.252184,0.0
53.474552,-2.252823,0.0
53.474697,-2.252839,0.0
53.474669,-2.25287,0.0
53.474638,-2.2529,0.0
53.474602,-2.25425,0.0
53.47465,-2.25467,0.0
53.474747,-2.255167,0.0
53.474769,-2.255192,0.0
53.474725,-2.255448,0.0
53.474619,-2.255581,0.0
53.474619,-2.255581,0.0
53.474563,-2.255987,0.0
53.473647,-2.256206,0.16153846153846155
53.472952,-2.262137,0.16153846153846155
53.476623,-2.256349,0.0
53.474267,-2.251939,0.0
53.474637,-2.256778,0.0
53.474637,-2.256778,0.0
53.474842,-2.250416,-0.15555555555555556
53.474606,-2.256016,0.0
53.474637,-2.256778,0.0
53.474606,-2.256016,0.0
53.474842,-2.250416,0.0
53.474452,-2.253463,0.0
53.474452,-2.253463,0.0
53.474452,-2.253463,0.0
53.474452,-2.253463,0.0
53.474606,-2.256016,0.11818181818181818
53.474606,-2.256016,0.1
53.474842,-2.250416,0.0
53.474842,-2.250416,0.0
53.474013,-2.25582,0.0
53.474013,-2.25582,0.0
53.476323,-2.254257,0.0
53.476323,-2.254257,0.0
53.476323,-2.254257,0.0
53.474013,-2.25582,0.0
53.47548,-2.255912,0.7749999999999999
53.47523,-2.255556,0.7749999999999999
53.474842,-2.250416,0.0
53.474842,-2.250416,0.0
53.473758,-2.254364,0.0
53.475525,-2.25592,0.0
53.47427,-2.253074,0.0
53.475083,-2.256607,0.0
53.475238,-2.25902,0.0
53.475436,-2.258291,0.10000000000000002
53.474842,-2.250416,-0.15555555555555556
53.475,-2.251112,0.0
53.47518,-2.257014,0.0
53.474232,-2.254085,0.2
53.474424,-2.253538,0.2
53.474606,-2.256016,0.0
53.474606,-2.256016,0.0
53.474606,-2.256016,0.0
53.474286,-2.253152,-0.05000000000000001
53.474286,-2.253152,0.0
53.474286,-2.253152,-0.05000000000000001
53.473916,-2.253323,0.0
53.473916,-2.253323,0.0
53.473916,-2.253323,-0.05000000000000001
53.473629,-2.254557,0.0
53.473629,-2.254557,0.0
53.473629,-2.254557,0.0
53.473629,-2.254557,0.0
53.473712,-2.25636,0.0
53.473712,-2.25636,0.0
53.473712,-2.25636,0.0
53.473712,-2.25636,-0.1
53.473712,-2.25636,0.0
53.473712,-2.25636,0.0
53.473712,-2.25636,-0.1
53.474676,-2.256692,0.0
53.476176,-2.256628,0.0
53.476176,-2.256628,0.0
53.476004,-2.253355,0.0
53.475429,-2.254267,0.0
53.475659,-2.255265,0.0
53.475659,-2.255265,0.0
53.475659,-2.255265,0.0
53.476196,-2.25107,0.0
53.473705,-2.25416,0.0
53.474676,-2.256692,-0.4
53.473629,-2.254557,0.0
53.474286,-2.253152,-0.05000000000000001
53.473533,-2.255533,0.0
53.477147,-2.254407,0.4
53.477147,-2.254407,0.4
53.474813,-2.249748,0.0
53.474267,-2.249397,0.0
53.476157,-2.260372,0.0
53.476157,-2.260372,0.0
53.476157,-2.260372,0.0
53.476157,-2.260372,0.0
53.476157,-2.260372,0.0
53.476157,-2.260372,0.0
53.474813,-2.250398,0.0
53.47448,-2.25122,0.0
53.477377,-2.261981,0.0
53.474612,-2.253205,0.125
53.476521,-2.253484,0.0
53.474676,-2.256875,0.0
53.473916,-2.25357,0.0
53.47488,-2.256188,0.0
53.474594,-2.251124,0.32499999999999996
53.475258,-2.2546,0.5666666666666667
53.474747,-2.250909,0.0
53.474539,-2.253559,0.37222222222222223
53.475286,-2.255136,0.10952380952380951
53.475583,-2.251102,0.0
53.475678,-2.25122,0.0
53.474529,-2.251939,0.0
53.474581,-2.250459,0.0
53.474581,-2.250459,0.0
53.474581,-2.250459,0.0
53.474581,-2.250459,0.0
53.475289,-2.255394,0.0
53.474925,-2.258763,0.0
53.475857,-2.254707,0.0
53.474625,-2.251875,0.18714285714285714
53.474523,-2.252733,0.18714285714285714
53.474478,-2.255641,0.3012698412698413
53.474523,-2.255705,0.19485714285714287
53.474567,-2.252873,0.13357142857142856
53.474461,-2.252998,0.02808900139408614
53.474114,-2.260758,0.0
53.475161,-2.256242,0.0
53.474363,-2.256757,0.0
53.473591,-2.2543,0.0
53.474483,-2.257348,0.0
53.474497,-2.253184,0.0
53.474511,-2.253078,0.0
53.474675,-2.2537,0.0
53.473686,-2.260231,0.16153846153846155
53.474746,-2.257068,0.0
53.474637,-2.251145,-0.08333333333333333
53.478034,-2.249761,0.12285714285714287
53.474122,-2.256656,0.0
53.475341,-2.25095,0.0
53.473563,-2.253242,0.0
53.473539,-2.256467,0.0
53.475404,-2.254536,-0.15555555555555556
53.475404,-2.254536,0.0
53.475404,-2.254536,0.5
53.474082,-2.261016,0.0
53.474491,-2.253291,0.0
53.475002,-2.256789,0.0
53.473843,-2.253731,0.0
53.473664,-2.256424,0.0
53.473664,-2.256424,0.0
53.473664,-2.256424,0.0
53.473699,-2.256864,0.0
53.473699,-2.256864,0.0
53.47328,-2.260614,0.0
53.473277,-2.261456,0.0
53.473277,-2.261456,0.0
53.473277,-2.261456,0.0
53.473277,-2.261456,0.0
53.474555,-2.258848,0.0
53.474383,-2.258623,0.0
53.474363,-2.258431,0.0
53.474386,-2.258448,0.0
53.474425,-2.258312,0.0
53.474433,-2.25815,0.0
53.474519,-2.257062,0.0
53.474519,-2.25682,0.0
53.474441,-2.256784,0.0
53.474394,-2.256695,0.0
53.474352,-2.256614,0.0
53.473922,-2.256425,0.0
53.474136,-2.256559,0.0
53.474,-2.256559,0.0
53.474213,-2.25675,0.0
53.474172,-2.256789,0.0
53.474313,-2.256734,0.0
53.474488,-2.256828,0.0
53.474688,-2.256834,0.0
53.474794,-2.256512,0.0
53.474944,-2.256298,0.0
53.475736,-2.256832,0.0
53.47548,-2.2566,0.0
53.475377,-2.25722,0.0
53.47525,-2.257595,0.0
53.475255,-2.257062,0.0
53.475238,-2.257062,0.0
53.475361,-2.25702,0.0
53.476386,-2.256325,0.0
53.475608,-2.254339,0.0
53.47565,-2.253785,0.0
53.475825,-2.253345,0.0
53.476002,-2.253253,0.0
53.476002,-2.253253,0.0
53.474369,-2.258303,0.16153846153846155
53.474594,-2.25645,0.1388888888888889
53.473929,-2.253184,0.05113636363636364
53.474925,-2.25696,0.14041005291005296
53.474548,-2.255973,0.20125
53.474082,-2.254192,0.1037037037037037
53.473674,-2.254875,0.0
53.473681,-2.254877,0.0
53.474528,-2.255932,0.0
53.474151,-2.255084,0.0
53.475963,-2.253339,0.06578947368421051
53.475953,-2.252347,0.0
53.474612,-2.254836,-0.31958333333333333
53.474599,-2.252143,-0.2216496598639456
53.474599,-2.252143,-0.31958333333333333
53.475199,-2.256231,0.0
53.474538,-2.256775,0.1388888888888889
53.475583,-2.258159,0.0
53.474522,-2.255798,0.0
53.474394,-2.25687,0.0
53.474394,-2.25687,0.0
53.472588,-2.256203,0.0
53.474574,-2.251768,0.125
53.474469,-2.252512,0.027620851370851372
53.474516,-2.252787,0.0
53.476144,-2.256767,0.0
53.476387,-2.256724,0.0
53.474519,-2.257642,0.0
53.474529,-2.24974,0.0
53.476102,-2.25636,0.0
53.476188,-2.256274,0.0
53.476249,-2.256166,0.0
53.475014,-2.257261,0.0
53.475046,-2.25696,0.0
53.475825,-2.256735,0.0
53.475512,-2.256928,0.0
53.475627,-2.256327,0.0
53.475627,-2.256327,0.0
53.475627,-2.256327,0.0
53.475627,-2.256327,0.0
53.475627,-2.256327,0.0
53.474542,-2.25386,0.0
53.474561,-2.253173,0.0
53.475129,-2.257111,0.0
53.474561,-2.250409,0.0
53.477351,-2.25843,0.13636363636363635
53.478494,-2.260189,0.0
53.478355,-2.260395,0.0
53.47833,-2.260459,0.0
53.477844,-2.261103,0.13636363636363635
53.477666,-2.261431,0.13636363636363635
53.474722,-2.256945,0.0
53.474575,-2.255823,0.0
53.475212,-2.255051,0.125
53.475413,-2.253823,0.06578947368421051
53.47462,-2.253817,0.0
53.474767,-2.257057,0.0
53.474561,-2.253499,0.0
53.476422,-2.256275,0.2333333333333333
53.476422,-2.256275,0.2333333333333333
53.476441,-2.256325,0.2333333333333333
53.476422,-2.256275,0.13636363636363635
53.476422,-2.256275,0.525
53.476422,-2.256275,0.525
53.474637,-2.255265,0.0
53.474433,-2.252905,0.2666666666666667
53.474747,-2.251446,0.0
53.474424,-2.253527,0.0
53.474424,-2.253527,0.0
53.474424,-2.253527,0.0
53.474615,-2.254493,0.0
53.474615,-2.254493,0.0
53.474615,-2.254493,0.0
53.474615,-2.254493,0.0
53.474615,-2.254493,0.0
53.474615,-2.254493,0.0
53.474577,-2.255973,0.0
53.474577,-2.255973,0.0
53.474577,-2.255973,0.0
53.474577,-2.255973,0.0
53.474558,-2.256821,0.0
53.474558,-2.256821,0.0
53.474558,-2.256821,0.0
53.474558,-2.256821,0.0
53.474558,-2.256821,0.0
53.474558,-2.256821,0.0
53.474558,-2.256821,0.0
53.475133,-2.257272,0.0
53.475707,-2.25592,0.0
53.475707,-2.25592,0.0
53.475707,-2.25592,0.0
53.475707,-2.25592,0.0
53.475707,-2.25592,0.0
53.475707,-2.25592,0.0
53.474858,-2.251263,0.0
53.474858,-2.251263,0.0
53.474858,-2.251263,0.0
53.474858,-2.251263,0.0
53.474858,-2.251263,0.0
53.474858,-2.251263,0.0
53.474858,-2.251263,0.0
53.474858,-2.251263,0.0
53.474505,-2.251117,0.0
53.474505,-2.251117,0.0
53.474505,-2.251117,0.0
53.474505,-2.251117,0.0
53.474505,-2.251117,0.0
53.474108,-2.250759,0.0
53.474108,-2.250759,0.0
53.474108,-2.250759,0.0
53.474108,-2.250759,0.0
53.474108,-2.250759,0.0
53.474108,-2.250759,0.0
53.474108,-2.250759,0.0
53.474108,-2.250759,0.0
53.474108,-2.250759,0.0
53.474108,-2.250759,0.0
53.474108,-2.250759,0.0
53.474108,-2.250759,0.0
53.474108,-2.250759,0.0
53.474108,-2.250759,0.0
53.474108,-2.250759,0.0
53.474108,-2.250759,0.0
53.474108,-2.250759,0.0
53.474108,-2.250759,0.0
53.474108,-2.250759,0.0
53.474108,-2.250759,0.0
53.474108,-2.250759,0.0
53.474108,-2.250759,0.0
53.474108,-2.250759,0.0
53.474108,-2.250759,0.0
53.474108,-2.250759,0.0
53.474108,-2.250759,0.0
53.474108,-2.250759,0.0
53.474108,-2.250759,0.0
53.474108,-2.250759,0.0
53.474108,-2.250759,0.0
53.474108,-2.250759,0.0
53.474108,-2.250759,0.0
53.474108,-2.250759,0.0
53.474108,-2.250759,0.0
53.474108,-2.250759,0.0
53.474108,-2.250759,0.0
53.474108,-2.250759,0.0
53.474108,-2.250759,0.0
53.474108,-2.250759,0.0
53.474108,-2.250759,0.0
53.474108,-2.250759,0.0
53.474108,-2.250759,0.0
53.474108,-2.250759,0.0
53.474108,-2.250759,0.0
53.474391,-2.256881,0.0
53.473686,-2.256102,0.0
53.473916,-2.25357,0.65
53.474536,-2.255753,0.7
53.473888,-2.253184,0.0
53.474513,-2.255903,0.0
53.474088,-2.254064,0.12083333333333333
53.474554,-2.249944,0.0
53.474497,-2.251961,0.0
53.474855,-2.256639,-0.07777777777777778
53.474414,-2.256263,0.0
53.475416,-2.255222,0.0
53.475015,-2.256424,0.0
53.474608,-2.258289,0.0
53.474608,-2.258289,0.0
53.476822,-2.254548,0.0
53.475646,-2.251188,0.0
53.474714,-2.253677,0.0
53.474331,-2.251338,0.0
53.475876,-2.252454,0.0
53.475404,-2.254536,0.5
53.474554,-2.249944,0.7
53.4773,-2.259203,0.0
53.474918,-2.250545,0.0
53.478354,-2.250888,0.0
53.474331,-2.254257,0.0
53.474037,-2.253431,0.0
53.474722,-2.251112,0.0
53.475901,-2.256103,0.0
53.47387,-2.255105,0.0
53.475148,-2.25652,0.275
53.476336,-2.250781,0.026599326599326595
53.475333,-2.257014,0.0
53.475766,-2.250917,0.225
53.474535,-2.25563,0.0
53.474535,-2.25563,0.0
53.474931,-2.256027,-0.07142857142857142
53.474931,-2.256027,-0.07142857142857142
53.473716,-2.256622,0.5481481481481482
53.473946,-2.253221,0.0
53.474976,-2.256553,0.0
53.474976,-2.256553,0.0
53.475244,-2.256284,0.0
53.474747,-2.251446,0.0
53.474747,-2.251446,0.0
53.474747,-2.251446,0.0
53.477798,-2.249407,0.5
53.475946,-2.256875,-0.3
53.47465,-2.249944,0.1
53.47433,-2.253234,0.0
53.473936,-2.2532,0.0
53.474369,-2.253464,0.0
53.473947,-2.253798,0.0
53.473686,-2.255484,0.0
53.474019,-2.2557,0.0
53.474605,-2.25587,0.0
53.474905,-2.25605,0.0
53.475861,-2.255756,0.0
53.475152,-2.256706,0.0
53.474913,-2.256714,0.0
53.474544,-2.253428,0.0
53.474675,-2.251273,0.0
53.474484,-2.257175,0.175
53.474139,-2.260115,0.0
53.474139,-2.260115,0.0
53.474459,-2.256188,0.0
53.474459,-2.256188,0.0
53.474459,-2.256188,0.0
53.474459,-2.256188,0.0
53.474459,-2.256188,0.0
53.47458,-2.257711,0.0
53.47458,-2.257711,0.0
53.47458,-2.257711,0.0
53.474606,-2.256692,0.0
53.474606,-2.256692,0.0
53.474606,-2.256692,0.0
53.474606,-2.256692,0.0
53.474606,-2.256692,0.0
53.474606,-2.256692,0.0
53.474606,-2.256692,0.0
53.474606,-2.256692,0.0
53.474606,-2.25637,0.0
53.474606,-2.25637,0.0
53.474606,-2.25637,0.0
53.478245,-2.259331,0.0
53.475166,-2.256914,0.0
53.475166,-2.256914,0.4
53.474309,-2.251671,0.0
53.474207,-2.253216,0.0
53.474415,-2.25047,0.0
53.474415,-2.249879,-0.003267045454545453
53.474415,-2.249879,-0.003267045454545453
53.474388,-2.256832,0.15000000000000002
53.475621,-2.253505,0.0
53.474663,-2.256821,0.0
53.474663,-2.256821,-0.2
53.474663,-2.256821,0.0
53.474663,-2.256821,0.0
53.473961,-2.25798,0.0
53.473993,-2.257272,0.0
53.474401,-2.257357,0.0
53.474401,-2.257357,0.0
53.474401,-2.257357,0.5
53.474401,-2.257357,0.0
53.474401,-2.257357,0.0
53.474401,-2.257357,0.0
53.474683,-2.250381,0.0
53.47455,-2.255992,0.0
53.474452,-2.252664,0.0
53.474466,-2.251495,0.0
53.474401,-2.257357,0.0
53.474401,-2.257357,0.0
53.475206,-2.258076,0.0
53.475206,-2.258076,0.0
53.474478,-2.256907,0.0
53.474478,-2.256907,0.11818181818181818
53.474478,-2.256907,0.0
53.474478,-2.256907,0.0
53.474478,-2.256907,0.0
53.474478,-2.256907,-0.2
53.474478,-2.256907,0.0
53.474478,-2.256907,0.2
53.474478,-2.256907,0.0
53.474478,-2.256907,0.0
53.474478,-2.256907,0.0
53.474478,-2.256907,0.0
53.474478,-2.256907,0.0
53.475659,-2.256735,0.0
53.474803,-2.258173,0.0
53.474586,-2.256789,0.0
53.475295,-2.257615,0.0
53.475352,-2.253939,0.0
53.47495,-2.254973,0.0
53.474178,-2.251532,0.0
53.474505,-2.251117,0.0
53.474772,-2.250373,0.0
53.474772,-2.250373,0.0
53.474505,-2.251117,0.0
53.474969,-2.256939,0.9
53.473935,-2.261145,0.075
53.4743,-2.253398,0.18974358974358974
53.474583,-2.255662,0.8
53.474583,-2.255662,0.8
53.47495,-2.256939,0.5
53.476597,-2.25275,-0.07142857142857142
53.477158,-2.255837,-0.07142857142857142
53.477316,-2.257803,-0.07142857142857142
53.477311,-2.258592,-0.07142857142857142
53.477097,-2.256867,-0.09821428571428571
53.47705,-2.256675,-0.07142857142857142
53.477172,-2.256067,-0.07142857142857142
53.477275,-2.256006,-0.07142857142857142
53.474494,-2.25307,-0.07142857142857142
53.474383,-2.253162,-0.07142857142857142
53.473905,-2.253464,-0.07142857142857142
53.474622,-2.256739,-0.07142857142857142
53.474716,-2.256567,-0.07142857142857142
53.474847,-2.256606,-0.07142857142857142
53.474563,-2.255912,-0.07142857142857142
53.474516,-2.254242,-0.07142857142857142
53.474497,-2.252759,-0.07142857142857142
53.475027,-2.256939,0.2558333333333333
53.476745,-2.254332,0.4
53.476955,-2.254643,0.4
53.474893,-2.257282,0.0
53.474588,-2.255999,0.0
53.477805,-2.255201,0.0
53.475185,-2.254633,0.0
53.475185,-2.254633,0.0
53.474927,-2.257063,0.35
53.474606,-2.257422,-0.0025793650793650936
53.474471,-2.256896,0.04246031746031746
53.474561,-2.256875,0.13097943722943725
53.474548,-2.253152,0.03743799603174603
53.474491,-2.257825,0.0
53.475736,-2.256938,0.21666666666666667
53.47493,-2.257072,0.22037037037037038
53.4745,-2.2584,0.0
53.474455,-2.250112,0.03333333333333333
53.474529,-2.255448,0.0
53.474669,-2.255673,0.0
53.474548,-2.254933,0.0
53.473692,-2.256402,0.0
53.475123,-2.256445,0.0
53.474188,-2.259491,0.0
53.47443,-2.259908,0.0
53.475225,-2.25121,0.0
53.474663,-2.250888,-0.18333333333333335
53.474663,-2.250888,-0.18333333333333335
53.474663,-2.250888,-0.18333333333333335
53.474663,-2.250888,-0.18333333333333335
53.475238,-2.256759,0.0
53.474544,-2.255967,0.0
53.475225,-2.256267,0.0
53.47628,-2.256306,0.0
53.475519,-2.255514,0.0
53.47578,-2.255231,0.0
53.475744,-2.254987,0.0
53.47528,-2.254023,0.0
53.475505,-2.253739,0.0
53.475471,-2.257775,0.0
53.474752,-2.25666,0.13
53.477911,-2.2555,0.3
53.477911,-2.2555,0.3
53.477936,-2.255498,0.3
53.477916,-2.255581,0.3
53.474471,-2.253098,0.25
53.474844,-2.250731,0.0
53.473863,-2.254662,0.0
53.473975,-2.255812,0.0
53.473622,-2.260503,0.0
53.473905,-2.260987,0.8
53.473336,-2.262095,0.0
53.473086,-2.261981,0.0
53.47363,-2.260978,0.1
53.474366,-2.258453,0.0
53.474577,-2.257495,0.0
53.474638,-2.256684,0.0
53.474397,-2.25687,0.0
53.474219,-2.256887,0.0
53.473536,-2.255373,0.0
53.473955,-2.253578,0.0
53.473933,-2.25352,0.0
53.473972,-2.253214,0.0
53.474066,-2.253162,0.0
53.474186,-2.253137,0.0
53.474247,-2.253145,0.0
53.474372,-2.253389,0.0
53.474219,-2.253662,0.0
53.474344,-2.253253,0.0
53.474172,-2.253214,0.0
53.47433,-2.253295,0.0
53.474477,-2.251873,0.0
53.474463,-2.250828,0.13636363636363635
53.473727,-2.249634,0.0
53.474695,-2.255076,0.43333333333333335
53.474695,-2.255076,0.43333333333333335
53.4761,-2.256488,0.0
53.4761,-2.256488,0.0
53.4761,-2.256488,0.0
53.4761,-2.256488,0.0
53.4761,-2.256488,0.0
53.4761,-2.256488,0.0
53.4761,-2.256488,0.0
53.4761,-2.256488,0.0
53.4761,-2.256488,0.0
53.4761,-2.256488,0.0
53.4761,-2.256488,0.0
53.474612,-2.253347,0.0
53.477779,-2.255265,0.0
53.477779,-2.255265,0.0
53.475416,-2.249081,0.8
53.475416,-2.249081,0.8
53.474554,-2.25224,0.31666666666666665
53.474044,-2.256166,0.0
53.474913,-2.254235,0.1
53.474471,-2.256692,0.0
53.474733,-2.251939,0.0
53.474542,-2.255909,0.0
53.474669,-2.249075,0.1645021645021645
53.474669,-2.249075,0.12424242424242422
53.474701,-2.250941,0.13636363636363635
53.474676,-2.257068,0.0
53.474861,-2.255355,-0.25
53.474855,-2.257411,-0.21333333333333335
53.474778,-2.257121,0.0
53.475065,-2.257422,0.0
53.475998,-2.256799,0.0
53.474612,-2.254965,0.0
53.474612,-2.255523,0.0
53.474635,-2.256061,0.0
53.474044,-2.256553,0.0
53.473792,-2.255619,0.0
53.473575,-2.255104,0.0
53.473747,-2.25401,0.0
53.474188,-2.253602,0.0
53.474118,-2.25328,0.0
53.474035,-2.253162,0.0
53.473792,-2.255619,0.0
53.47508,-2.257443,-0.15555555555555556
53.473781,-2.261698,0.05
53.474477,-2.257928,0.0
53.4771,-2.255857,0.0
53.47641,-2.25369,0.0
53.475542,-2.254999,0.0
53.474959,-2.255913,0.16666666666666666
53.474944,-2.256789,-0.07777777777777778
53.473935,-2.261145,0.0
53.476157,-2.257883,0.0
53.473973,-2.256261,0.375
53.473935,-2.261145,0.0
53.474669,-2.252372,0.0
53.474995,-2.256038,0.21875000000000006
53.474246,-2.256724,0.10082539682539685
53.474625,-2.253227,0.0
53.474018,-2.25602,0.0
53.474791,-2.25799,0.0
53.474575,-2.255823,0.5
53.474575,-2.255823,0.0
53.474663,-2.256574,0.0
53.474663,-2.256574,0.16666666666666666
53.474663,-2.256574,0.0
53.47504,-2.25725,0.0
53.47465,-2.250394,0.1
53.474459,-2.250888,0.0
53.474459,-2.250888,0.0
53.474612,-2.252873,0.042857142857142844
53.474695,-2.251532,0.0
53.474714,-2.251875,0.0
53.474746,-2.252186,0.0
53.474547,-2.255351,0.0
53.474588,-2.255999,0.0
53.47465,-2.250394,0.06818181818181818
53.474472,-2.252767,0.1
53.475815,-2.256929,0.0
53.474312,-2.257832,0.1
53.474541,-2.258634,0.65
53.473782,-2.254729,0.0625
53.473616,-2.25533,0.0
53.473724,-2.255995,0.0
53.474593,-2.255963,0.0
53.473782,-2.254729,-0.1125
53.475294,-2.2565,0.09999999999999999
53.475634,-2.256799,0.0
53.47465,-2.250394,0.0
53.47465,-2.250394,0.15000000000000002
53.47465,-2.250394,-0.10340909090909092
53.47465,-2.250394,0.1431818181818182
53.474704,-2.251033,0.0
53.474641,-2.252663,0.0
53.474641,-2.252663,0.0
53.474641,-2.255174,0.0
53.474641,-2.256161,0.0
53.474641,-2.256161,0.0
53.474845,-2.256268,0.0
53.474845,-2.256268,0.0
53.475445,-2.256912,0.0
53.475445,-2.256912,0.0
53.475931,-2.256762,0.0
53.475892,-2.256268,0.0
53.473644,-2.255303,0.0
53.473644,-2.255303,0.0
53.47459,-2.250174,0.0
53.47459,-2.250174,0.0
53.474599,-2.250952,0.0
53.474664,-2.253334,0.0
53.47462,-2.253817,0.0
53.474511,-2.250555,0.0
53.474939,-2.257229,0.0
53.473807,-2.254257,0.0
53.474557,-2.257549,0.0
53.474644,-2.258237,0.0
53.47525,-2.257304,0.0
53.473785,-2.254418,0.0
53.477309,-2.254736,0.0
53.477309,-2.254736,0.0
53.474535,-2.251167,0.2380952380952381
53.474548,-2.255877,0.0
53.474593,-2.257583,-0.05625
53.474063,-2.25799,0.06666666666666668
53.474063,-2.25799,-0.026785714285714284
53.475244,-2.251585,0.0
53.473035,-2.262228,0.0
53.473188,-2.261799,0.1
53.473954,-2.259503,0.1090909090909091
53.474382,-2.258495,0.38333333333333336
53.474382,-2.258366,0.0
53.474855,-2.257261,0.0
53.474567,-2.256106,0.35
53.474542,-2.255952,0.0
53.478226,-2.259299,0.0
53.478333,-2.259986,0.0
53.47642,-2.256338,0.0
53.475768,-2.255909,0.13434343434343435
53.475768,-2.255909,0.0
53.47642,-2.256338,0.0
53.47642,-2.256338,0.0
53.47642,-2.256338,0.0
53.475398,-2.256917,0.5
53.475398,-2.256917,0.0
53.474938,-2.256703,0.275
53.474223,-2.257068,0.0
53.474632,-2.256832,0.0
53.474446,-2.258881,0.0
53.474382,-2.256864,0.0
53.474561,-2.255705,0.0
53.474561,-2.255705,0.11818181818181818
53.474561,-2.255705,0.0
53.474606,-2.250223,0.0
53.473616,-2.254471,0.0
53.476758,-2.253958,0.0
53.477792,-2.255319,0.0
53.477792,-2.255319,0.0
53.477511,-2.257926,0.0
53.477511,-2.257926,0.8
53.477511,-2.257926,0.0
53.477511,-2.257926,0.0
53.477511,-2.257926,0.0
53.477511,-2.257926,0.0
53.477511,-2.257926,0.0
53.477511,-2.257926,0.0
53.477012,-2.259426,0.0
53.474491,-2.250845,0.0
53.476911,-2.256531,0.14696969696969697
53.474625,-2.252132,0.0
53.475725,-2.255023,0.0
53.475744,-2.255178,0.0
53.475425,-2.254478,0.0
53.475311,-2.254056,0.0
53.475563,-2.253528,0.0
53.475994,-2.253048,0.0
53.474331,-2.257089,0.0
53.475991,-2.2549,0.0
53.474647,-2.253731,-0.15109890109890112
53.47571,-2.256703,0.1
53.475832,-2.255641,0.0
53.476757,-2.256306,0.15
53.473699,-2.253967,0.0
53.475084,-2.251682,0.125
53.476457,-2.25371,0.125
53.474535,-2.250995,0.0
53.477868,-2.255501,-0.07777777777777778
53.4761,-2.256425,0.4
53.4761,-2.256425,0.4
53.474614,-2.255761,0.11818181818181818
53.474612,-2.252207,0.16666666666666666
53.474639,-2.256682,0.0
53.473158,-2.256347,0.0
53.477735,-2.259063,0.15284090909090908
53.477556,-2.258023,0.4
53.478277,-2.249665,0.1
53.47478,-2.255889,0.0
53.47478,-2.255889,0.0
53.473795,-2.260951,0.0
53.473284,-2.253302,-0.16666666666666666
53.474465,-2.253409,0.0
53.474612,-2.249171,0.0
53.47518,-2.255233,0.3
53.474778,-2.258334,0.0
53.474625,-2.257432,0.0
53.474178,-2.252293,0.0
53.473335,-2.256113,-0.25
53.473182,-2.255265,0.0
53.475461,-2.25739,0.0
53.476342,-2.254139,0.0
53.4758,-2.256059,-0.15
53.4758,-2.256059,0.0
53.474494,-2.257125,0.5833333333333334
53.474491,-2.257075,0.5833333333333334
53.474485,-2.253249,0.0
53.475244,-2.256907,-0.08333333333333333
53.475321,-2.255791,0.2857142857142857
53.474554,-2.25755,0.0
53.476138,-2.252819,0.025238095238095243
53.476493,-2.256628,0.0
53.474439,-2.253087,0.35
53.474439,-2.253087,0.0
53.474205,-2.253851,0.0
53.474652,-2.256855,0.0
53.474439,-2.253087,0.1
53.474439,-2.253087,0.2
53.474216,-2.253119,0.0
53.473922,-2.253227,0.08333333333333333
53.473469,-2.256284,0.04375
53.473941,-2.256542,0.35
53.474427,-2.256242,0.05333333333333332
53.473795,-2.25386,0.2253968253968254
53.473795,-2.25386,0.1875
53.474861,-2.256864,0.12424242424242422
53.475167,-2.256799,0.4125
53.474516,-2.255684,0.525
53.474516,-2.255684,0.07714285714285714
53.474612,-2.253259,0.85
53.474637,-2.25284,0.0
53.474258,-2.25325,0.0
53.474555,-2.255512,0.0
53.474758,-2.253662,0.0
53.4746,-2.252953,0.0
53.474238,-2.252828,0.0
53.474586,-2.249331,0.0
53.474598,-2.253346,0.0
53.476051,-2.256649,0.0
53.475008,-2.257473,0.0
53.474625,-2.25784,1.0
53.474046,-2.257991,0.0
53.474046,-2.257991,0.09523809523809523
53.473842,-2.260223,0.07999999999999999
53.476016,-2.256852,0.0
53.474484,-2.257668,0.0
53.477239,-2.258281,0.175
53.477239,-2.258281,0.175
53.477239,-2.258281,0.175
53.476711,-2.25376,0.0
53.474752,-2.257422,0.0
53.473982,-2.261285,0.5750000000000001
53.475355,-2.260727,0.04047619047619048
53.474625,-2.25784,0.11666666666666665
53.474602,-2.253292,-0.0875
53.473897,-2.255952,-0.3
53.475378,-2.25475,0.0
53.475953,-2.256499,0.0
53.475934,-2.249161,0.0
53.474497,-2.25106,0.9375
53.47442,-2.252969,0.0
53.476569,-2.253677,0.0
53.476569,-2.253677,0.0
53.476569,-2.253677,0.0
53.474503,-2.249729,0.0
53.474599,-2.254643,0.0
53.474503,-2.249729,0.0
53.472607,-2.261717,0.0
53.474242,-2.252733,0.0
53.47741,-2.257493,0.0
53.47741,-2.257493,0.0
53.47741,-2.257493,0.0
53.47741,-2.257493,0.0
53.47741,-2.257493,0.0
53.47741,-2.257493,0.0
53.47741,-2.257493,0.0
53.474844,-2.256276,0.0
53.476079,-2.252221,0.0
53.474202,-2.251082,0.5
53.477306,-2.259449,0.0
53.473411,-2.256289,0.0
53.473794,-2.257132,0.0
53.475204,-2.253677,0.0
53.475302,-2.254707,0.0
53.474944,-2.255909,0.0
53.475059,-2.255938,0.0
53.475161,-2.255816,0.25
53.474523,-2.255952,0.0
53.474369,-2.25681,0.0
53.474293,-2.256853,0.0
53.473335,-2.256209,0.0
53.474552,-2.252261,0.1
53.475408,-2.254593,0.0
53.474785,-2.250706,0.0
53.474785,-2.250706,0.0
53.474614,-2.250782,0.0
53.474508,-2.255942,0.0
53.476452,-2.254,-0.25
53.474649,-2.25562,0.7000000000000001
53.474267,-2.250437,0.0
53.475891,-2.254552,0.0
53.474598,-2.253346,0.4
53.47525,-2.255297,0.0
53.475723,-2.256499,0.0
53.474254,-2.260737,0.0
53.474535,-2.253269,0.0
53.476074,-2.25651,0.0
53.476074,-2.25651,0.0
53.476074,-2.25651,0.0
53.476074,-2.25651,0.0
53.476074,-2.25651,0.0
53.476074,-2.25651,0.0
53.476074,-2.25651,0.0
53.476074,-2.25651,0.0
53.476074,-2.25651,0.0
53.476074,-2.25651,0.0
53.476074,-2.25651,0.0
53.476074,-2.25651,0.0
53.476074,-2.25651,0.0
53.476074,-2.25651,0.0
53.476074,-2.25651,0.0
53.476074,-2.25651,0.0
53.476074,-2.25651,0.0
53.476074,-2.25651,0.0
53.476074,-2.25651,0.0
53.476074,-2.25651,0.0
53.476074,-2.25651,0.0
53.476074,-2.25651,0.0
53.476074,-2.25651,0.0
53.476074,-2.25651,0.0
53.476074,-2.25651,0.0
53.476074,-2.25651,0.0
53.476074,-2.25651,0.0
53.476074,-2.25651,0.0
53.476074,-2.25651,0.0
53.476074,-2.25651,0.0
53.476074,-2.25651,0.0
53.476074,-2.25651,0.0
53.476074,-2.25651,0.0
53.476074,-2.25651,0.0
53.476074,-2.25651,0.0
53.476074,-2.25651,0.0
53.476074,-2.25651,0.0
53.476074,-2.25651,0.0
53.476074,-2.25651,0.0
53.476074,-2.25651,0.0
53.476074,-2.25651,0.0
53.476074,-2.25651,0.0
53.476074,-2.25651,0.0
53.476074,-2.25651,0.0
53.476074,-2.25651,0.0
53.476074,-2.25651,0.0
53.476074,-2.25651,0.0
53.476074,-2.25651,0.0
53.476074,-2.25651,0.0
53.476074,-2.25651,0.0
53.476074,-2.25651,0.0
53.476074,-2.25651,0.0
53.476074,-2.25651,0.0
53.476074,-2.25651,0.0
53.476074,-2.25651,0.0
53.474585,-2.251779,0.0
53.474534,-2.251822,0.0
53.47472,-2.258205,0.27142857142857146
53.474484,-2.250802,0.0
53.475255,-2.254673,0.0
53.474989,-2.25556,0.0
53.474989,-2.25556,0.4
53.474862,-2.255104,0.0
53.474682,-2.249965,0.25
53.477856,-2.260125,0.0
53.474803,-2.256091,0.0
53.475557,-2.255684,0.0
53.477396,-2.261348,0.0
53.475289,-2.255812,0.0
53.473871,-2.259975,0.0
53.475174,-2.254654,0.0
53.476783,-2.256714,1.0
53.474344,-2.250845,0.0
53.478239,-2.249536,0.0
53.478239,-2.249536,0.0
53.478239,-2.249536,0.0
53.474623,-2.254419,0.0
53.474636,-2.256543,0.0
53.47518,-2.255531,0.0
53.47518,-2.255531,0.0
53.475784,-2.256716,0.0
53.474201,-2.257257,0.0
53.474523,-2.257078,0.13107142857142856
53.474447,-2.258864,0.16666666666666666
53.474444,-2.259167,0.002499999999999991
53.474635,-2.256692,0.0
53.474497,-2.255029,0.11818181818181818
53.474637,-2.257003,0.1
53.474599,-2.254343,0.0
53.475263,-2.254686,-0.175
53.474114,-2.254385,0.1
53.475404,-2.254536,0.0
53.474676,-2.256875,-0.6666666666666666
53.476528,-2.253506,0.0
53.474637,-2.257068,0.0
53.474954,-2.255609,0.0
53.474459,-2.250051,0.0
53.47474,-2.250223,0.0
53.475156,-2.256844,0.0
53.474947,-2.25245,0.0
53.475883,-2.256746,0.0
53.475978,-2.25666,0.0
53.475966,-2.256681,0.0
53.475915,-2.256724,0.0
53.476732,-2.25445,0.0
53.476732,-2.25445,0.0
53.476732,-2.25445,0.0
53.474032,-2.256338,0.0
53.477332,-2.254466,1.0
53.477073,-2.255491,0.0
53.477073,-2.255491,0.0
53.477073,-2.255491,-0.09791666666666665
53.477332,-2.254466,1.0
53.474848,-2.25328,0.17777777777777778
53.474963,-2.253098,0.0
53.474525,-2.256832,0.0
53.473999,-2.256317,0.0
53.474612,-2.252926,0.0
53.475493,-2.255158,-0.2
53.475825,-2.25401,0.0
53.476732,-2.25445,0.0
53.477073,-2.255491,-0.1
53.473871,-2.25357,0.0
53.474523,-2.249987,0.0
53.474545,-2.25424,0.2222222222222222
53.476244,-2.253956,0.0
53.476196,-2.25387,0.0
53.47617,-2.25387,0.0
53.477882,-2.249,0.8
53.474233,-2.256004,0.0
53.474233,-2.256004,0.25
53.474233,-2.256004,0.25
53.474233,-2.256004,0.25
53.474233,-2.256004,0.0
53.474233,-2.256004,0.0
53.474233,-2.256004,0.0
53.474233,-2.256004,0.0
53.474233,-2.256004,0.0
53.474233,-2.256004,0.0
53.474233,-2.256004,0.0
53.474233,-2.256004,0.0
53.474233,-2.256004,0.0
53.474233,-2.256004,0.0
53.474233,-2.256004,0.0
53.474233,-2.256004,0.0
53.474233,-2.256004,0.0
53.474233,-2.256004,0.0
53.474233,-2.256004,0.0
53.474233,-2.256004,0.0
53.474233,-2.256004,0.0
53.474233,-2.256004,0.0
53.474233,-2.256004,0.0
53.474233,-2.256004,0.0
53.474233,-2.256004,0.0
53.474233,-2.256004,0.0
53.474233,-2.256004,0.0
53.474233,-2.256004,0.0
53.474233,-2.256004,0.0
53.474233,-2.256004,0.0
53.474233,-2.256004,0.0
53.474233,-2.256004,0.8
53.474233,-2.256004,0.0
53.474233,-2.256004,0.0
53.474233,-2.256004,0.0
53.474233,-2.256004,0.0
53.474233,-2.256004,0.0
53.474233,-2.256004,0.0
53.474233,-2.256004,0.0
53.474233,-2.256004,0.0
53.474995,-2.258334,0.0
53.476229,-2.25387,0.0
53.47617,-2.253828,0.0
53.476211,-2.253956,0.0
53.475065,-2.257218,0.0
53.476494,-2.25357,0.0
53.476525,-2.253441,0.0
53.473871,-2.250373,-0.2
53.474382,-2.250802,0.0
53.472377,-2.250716,0.3
53.473922,-2.25357,0.0
53.47359,-2.255802,0.2
53.473817,-2.254257,-0.25
53.474083,-2.2537,-0.037500000000000006
53.473667,-2.254514,0.0
53.473769,-2.253956,0.0
53.473539,-2.255458,0.0
53.474519,-2.254201,-0.05
53.474637,-2.253398,0.0
53.47474,-2.254686,-0.2
53.474637,-2.253398,0.1
53.474267,-2.258634,0.0
53.474791,-2.250609,0.0
53.474701,-2.257153,-0.5
53.47474,-2.254686,0.2
53.473666,-2.2565,-0.08333333333333333
53.474523,-2.251253,0.1107142857142857
53.4764,-2.256596,0.0
53.474083,-2.2537,0.0
53.473999,-2.250802,0.0
53.474784,-2.256011,0.75
53.474918,-2.255662,0.75
53.474559,-2.253303,0.0
53.475346,-2.254053,0.0
53.474497,-2.253195,0.0
53.47451,-2.256917,0.0
53.474484,-2.257561,0.0
53.474484,-2.257819,0.0
53.474493,-2.258033,0.0
53.473999,-2.256367,0.0
53.474254,-2.258505,0.0
53.474446,-2.256435,0.0
53.474829,-2.256971,0.0
53.474816,-2.255909,0.0
53.47488,-2.254461,0.0
53.476464,-2.254221,0.0
53.47451,-2.25666,0.0
53.474459,-2.25769,0.0
53.474459,-2.257604,0.0
53.476853,-2.253495,0.0
53.476853,-2.253495,0.0
53.476853,-2.253495,0.0
53.476853,-2.253495,0.0
53.475385,-2.250984,-0.1333333333333333
53.475385,-2.250984,0.0
53.477785,-2.249954,0.5
53.4773,-2.260168,0.4
53.4773,-2.260168,0.0
53.477277,-2.258622,0.0
53.475385,-2.250984,0.0
53.477319,-2.250201,-0.0375
53.47382,-2.253227,0.0
53.473922,-2.253785,0.0
53.474765,-2.257382,-0.1
53.474535,-2.256048,1.0
53.474382,-2.257947,0.0
53.47451,-2.257518,0.0
53.477332,-2.254466,0.1
53.477332,-2.254466,0.0
53.477332,-2.254466,0.35714285714285715
53.477238,-2.257325,0.0
53.477277,-2.258622,-0.1
53.476975,-2.260501,0.0
53.476975,-2.260501,0.0
53.474395,-2.252722,0.0
53.474344,-2.252894,0.0
53.474382,-2.252937,0.0
53.4773,-2.260168,0.0
53.475129,-2.251253,0.0
53.473933,-2.259664,0.0
53.476636,-2.256234,-0.3125
53.475761,-2.256982,0.0
53.475761,-2.256982,0.0
53.475761,-2.256982,-0.05773809523809524
53.475761,-2.256982,0.0
53.475761,-2.256982,0.0
53.475761,-2.256982,0.0
53.475761,-2.256982,0.25
53.47548,-2.255662,0.2871212121212121
53.47548,-2.255662,0.0
53.47548,-2.255662,0.15000000000000002
53.475908,-2.256639,0.0
53.475908,-2.256639,0.0
53.475761,-2.256982,0.0
53.474056,-2.259707,0.0
53.474667,-2.256833,0.0
53.474667,-2.257,0.0
53.476227,-2.256649,0.40625
53.476227,-2.256649,0.40625
53.473527,-2.254985,0.0
53.476681,-2.256351,0.65
53.474982,-2.254214,0.1
53.47715,-2.259707,0.0
53.47715,-2.259707,0.0
53.477338,-2.257808,0.0
53.476898,-2.256349,0.0
53.476898,-2.256349,-0.011111111111111112
53.476898,-2.256349,0.0
53.476898,-2.256349,0.0
53.476261,-2.261093,0.6
53.476261,-2.261093,0.0
53.477428,-2.255694,0.5
53.476975,-2.260501,0.6
53.477277,-2.258622,0.0
53.477358,-2.259364,0.0
53.477358,-2.259364,0.0
53.477358,-2.259364,0.0
53.474572,-2.255685,0.0
53.474572,-2.255685,0.0
53.474853,-2.255427,0.5
53.474629,-2.255824,0.0
53.47707,-2.254868,0.0
53.47707,-2.254868,0.0
53.47707,-2.254868,0.13636363636363635
53.47707,-2.254868,0.0
53.47707,-2.254868,0.0
53.477185,-2.255287,0.0
53.477185,-2.255287,0.0
53.477238,-2.257325,0.1
53.477277,-2.258622,0.0
53.477277,-2.258622,0.0
53.477238,-2.257325,0.0
53.474708,-2.256413,0.0
53.475033,-2.251042,0.5
53.474011,-2.253335,0.0
53.474075,-2.253097,0.175
53.47613,-2.256436,0.0
53.474625,-2.256577,0.0
53.473455,-2.256266,0.0
53.474377,-2.256836,0.0
53.475716,-2.256922,0.3766666666666667
53.47443,-2.256869,0.3766666666666667
53.473576,-2.261232,0.0
53.477116,-2.254406,0.0
53.473513,-2.254914,0.3766666666666667
53.473652,-2.256161,0.3766666666666667
53.474527,-2.255964,0.3766666666666667
53.47603,-2.256874,-0.39999999999999997
53.475927,-2.256981,0.0
53.475766,-2.255912,0.7
53.474,-2.253167,0.0
53.474667,-2.255833,0.0
53.473705,-2.256123,0.0
53.47368,-2.254742,0.0
53.474138,-2.253642,0.0
53.472878,-2.262153,0.1
53.472711,-2.254145,-0.06538461538461539
53.477434,-2.25784,0.0
53.474567,-2.2549,0.0
53.475378,-2.256896,0.0
53.475378,-2.256896,0.0
53.47564,-2.256488,0.0
53.476808,-2.256778,0.0
53.476285,-2.256392,0.0
53.474676,-2.251735,0.0
53.474548,-2.256714,0.0
53.474816,-2.257143,0.0
53.474791,-2.257121,0.0
53.47488,-2.257186,0.0
53.474572,-2.255685,0.0
53.47707,-2.254868,0.1
53.47715,-2.259707,0.0
53.474414,-2.256928,0.0
53.473846,-2.259879,0.0
53.477328,-2.257497,0.0
53.47564,-2.256488,0.0
53.474497,-2.252712,0.0
53.474344,-2.25313,0.0
53.474855,-2.2571,0.0
53.475397,-2.25473,0.1875
53.474676,-2.25664,0.09475405546834118
53.474484,-2.256092,0.12402972027972026
53.474178,-2.253582,0.06415979853479854
53.473788,-2.254526,0.12402972027972026
53.473724,-2.255041,0.12402972027972026
53.475947,-2.256532,0.09475405546834118
53.474791,-2.255709,0.0
53.473501,-2.255258,0.5
53.474838,-2.2562,0.0
53.474484,-2.252454,0.0
53.474127,-2.253034,0.25
53.473897,-2.250137,0.13636363636363635
53.474635,-2.258023,0.0
53.474258,-2.258564,0.0
53.473428,-2.255341,-0.08333333333333333
53.475008,-2.25327,0.0
53.475185,-2.254633,-0.16666666666666666
53.474981,-2.257273,0.0
53.474701,-2.257153,0.0
53.477856,-2.254815,0.0
53.474316,-2.253184,0.0
53.474333,-2.253423,0.0
53.474447,-2.253253,0.0
53.474444,-2.253637,0.0
53.474127,-2.253612,0.0
53.474172,-2.253156,0.0
53.474497,-2.252309,0.0
53.474475,-2.252323,0.0
53.474566,-2.251978,0.0
53.474375,-2.249356,0.0
53.474438,-2.25025,0.0
53.47453,-2.249423,0.0
53.47453,-2.24927,0.0
53.474522,-2.252003,0.0
53.473927,-2.25335,0.0
53.473877,-2.253595,0.0
53.473719,-2.253995,0.0
53.474275,-2.253481,0.0
53.474413,-2.252712,0.0
53.474408,-2.252698,0.0
53.474525,-2.251728,0.0
53.474191,-2.250323,0.0
53.474702,-2.250089,0.0
53.474594,-2.251734,0.0
53.474738,-2.250884,0.0
53.474566,-2.251656,0.0
53.474263,-2.251534,0.0
53.474916,-2.251589,0.0
53.474302,-2.252028,0.0
53.474372,-2.253206,0.0
53.474569,-2.252973,0.0
53.474611,-2.253273,0.0
53.474402,-2.252509,0.0
53.474425,-2.252575,0.0
53.474419,-2.252853,0.0
53.478477,-2.26005,0.0
53.47813,-2.261053,0.0
53.47838,-2.262048,0.0
53.47845,-2.260762,0.0
53.474811,-2.251659,0.0
53.474333,-2.251167,0.0
53.474886,-2.255619,0.0
53.474478,-2.256027,0.3055555555555555
53.475136,-2.257518,0.0
53.47511,-2.255544,0.0
53.474446,-2.253806,-0.06666666666666668
53.474522,-2.25342,0.0
53.474356,-2.252411,0.0
53.474293,-2.252969,0.0
53.474114,-2.25387,0.0
53.474446,-2.255909,0.0
53.47488,-2.256038,0.0
53.474402,-2.253045,0.0
53.474433,-2.252203,0.0
53.474166,-2.249837,0.0
53.474125,-2.249278,0.0
53.474172,-2.253409,0.0
53.474172,-2.253409,0.0
53.474172,-2.253409,0.0
53.474578,-2.249799,0.0
53.476895,-2.255362,0.0
53.476895,-2.255362,0.0
53.476895,-2.255362,0.0
53.476895,-2.255362,0.0
53.476895,-2.255362,0.0
53.476895,-2.255362,0.0
53.476895,-2.255362,0.0
53.476895,-2.255362,0.0
53.476895,-2.255362,0.0
53.476895,-2.255362,0.0
53.476895,-2.255362,0.0
53.475599,-2.256147,0.0
53.476895,-2.255362,0.0
53.476895,-2.255362,0.0
53.476895,-2.255362,0.0
53.476895,-2.255362,0.0
53.476895,-2.255362,0.0
53.476895,-2.255362,0.0
53.476895,-2.255362,0.0
53.476895,-2.255362,0.0
53.476895,-2.255362,0.0
53.476895,-2.255362,0.0
53.474612,-2.251682,0.0
53.474561,-2.253195,0.0
53.476895,-2.255362,0.0
53.476895,-2.255362,0.0
53.476895,-2.255362,0.0
53.476895,-2.255362,0.0
53.476895,-2.255362,0.0
53.476895,-2.255362,0.0
53.476895,-2.255362,0.0
53.476895,-2.255362,0.0
53.476895,-2.255362,0.0
53.476895,-2.255362,0.0
53.476895,-2.255362,0.0
53.476895,-2.255362,0.0
53.476895,-2.255362,0.0
53.474369,-2.255094,0.0
53.474586,-2.250373,0.0
53.474586,-2.250373,0.0
53.474586,-2.250373,0.0
53.474586,-2.250373,0.0
53.474267,-2.252304,0.03125
53.474904,-2.256865,0.0
53.475083,-2.256607,0.0
53.475006,-2.256586,0.0
53.474547,-2.25238,0.4
53.474559,-2.253003,0.0
53.473833,-2.254167,0.0
53.473667,-2.254167,0.0
53.4735,-2.255333,0.0
53.473333,-2.2555,0.0
53.473333,-2.2555,0.0
53.473333,-2.255667,0.0
53.473333,-2.255667,0.0
53.473333,-2.255667,0.0
53.476615,-2.254535,0.0
53.474835,-2.256724,-0.15555555555555556
53.474835,-2.256724,-0.15555555555555556
53.474835,-2.256724,-0.15555555555555556
53.474835,-2.256724,0.0
53.474835,-2.256724,0.0
53.474835,-2.256724,0.0
53.474835,-2.256724,0.175
53.474835,-2.256724,0.0
53.474835,-2.256724,0.0
53.474835,-2.256724,0.0
53.474835,-2.256724,0.0
53.474835,-2.256724,0.0
53.474835,-2.256724,0.1
53.474835,-2.256724,0.0
53.474835,-2.256724,0.0
53.474835,-2.256724,0.0
53.474835,-2.256724,0.0
53.474835,-2.256724,0.0
53.474835,-2.256724,0.0
53.474835,-2.256724,0.0
53.474835,-2.256724,0.0
53.474574,-2.252347,0.0
53.475811,-2.256157,0.0
53.475607,-2.255449,0.0
53.474598,-2.255587,0.5
53.474253,-2.255705,0.5
53.474253,-2.255705,0.5
53.474042,-2.255909,0.5
53.473902,-2.255598,0.5
53.474534,-2.25681,0.5
53.475134,-2.256542,0.5
53.475134,-2.256542,0.5
53.475766,-2.255308,0.5
53.475583,-2.255437,0.5
53.475583,-2.255437,0.5
53.474936,-2.255952,0.5
53.474936,-2.255952,0.5
53.475174,-2.255383,0.5
53.474598,-2.255587,0.5
53.474598,-2.255587,0.5
53.474598,-2.255587,0.5
53.474598,-2.255587,0.5
53.474598,-2.255587,0.5
53.474574,-2.252347,0.3145833333333333
53.474535,-2.253527,0.0
53.474662,-2.252595,0.0
53.474395,-2.253119,0.0
53.475272,-2.255298,0.0
53.474919,-2.252109,0.0
53.4745,-2.255,0.0
53.474833,-2.255,0.0
53.475,-2.255,0.0
53.474833,-2.255,0.0
53.474833,-2.255,0.0
53.475,-2.255,0.0
53.475104,-2.250781,0.0
53.47365,-2.260875,0.16333333333333333
53.475174,-2.257003,0.0
53.474503,-2.256419,0.0
53.474788,-2.255179,0.0
53.476553,-2.254278,0.0
53.476263,-2.256177,0.0
53.476263,-2.256177,0.25
53.47768,-2.258098,0.0
53.474621,-2.255083,0.07291666666666666
53.474641,-2.257508,0.5
53.474618,-2.257014,0.5
53.476958,-2.257778,1.0
53.477958,-2.258484,0.26666666666666666
53.474529,-2.250813,0.0
53.474698,-2.257454,0.5
53.474628,-2.257025,0.5
53.474612,-2.257765,0.5
53.47678,-2.255684,0.5333333333333333
53.474548,-2.256681,0.30717592592592596
53.474216,-2.256424,0.0
53.473833,-2.254879,0.0
53.473833,-2.254879,-0.5
53.47715,-2.259707,0.0
53.47481,-2.251414,0.0
53.474673,-2.251746,0.45
53.474612,-2.253152,0.5
53.473517,-2.261273,0.5
53.474494,-2.257701,0.2784855769230769
53.474727,-2.251886,0.1
53.474567,-2.250223,-0.1
53.474701,-2.256531,0.0
53.474701,-2.256531,0.0
53.474701,-2.256531,0.0
53.473245,-2.262475,0.5
53.474446,-2.25166,0.0
53.474778,-2.256381,0.0
53.47465,-2.256209,0.1
53.473616,-2.255523,0.0
53.47368,-2.255963,-0.15000000000000002
53.473993,-2.256563,0.0
53.474628,-2.255898,0.25
53.474299,-2.25681,0.3333333333333333
53.474578,-2.249799,0.0
53.474503,-2.250319,0.42500000000000004
53.475959,-2.256574,0.0
53.474166,-2.2535,-0.2
53.474,-2.254,0.0
53.474166,-2.2535,0.0
53.477236,-2.256445,0.0
53.477236,-2.256445,0.0
53.477236,-2.256445,0.0
53.474957,-2.25328,0.0
53.477236,-2.256445,0.0
53.477236,-2.256445,0.0
53.477236,-2.256445,0.0
53.477236,-2.256445,0.0
53.477236,-2.256445,0.0
53.477236,-2.256445,0.0
53.477236,-2.256445,0.0
53.475231,-2.255609,0.0
53.476106,-2.254589,0.0
53.474833,-2.255334,0.0
53.474593,-2.254418,0.0
53.475812,-2.253516,-0.05
53.475037,-2.256445,0.0
53.474398,-2.252955,0.0
53.47419,-2.255821,-0.4
53.474526,-2.255945,0.0
53.474613,-2.256156,0.0
53.474621,-2.256329,0.0
53.475375,-2.256504,0.0
53.475813,-2.25588,0.0
53.475238,-2.254695,0.125
53.476636,-2.256234,0.0
53.476636,-2.256234,0.0
53.477963,-2.253277,0.0
53.477073,-2.255491,0.5
53.477073,-2.255491,0.0
53.477073,-2.255491,-0.15000000000000002
53.477128,-2.25411,0.0
53.477073,-2.255491,0.26
53.474152,-2.253055,0.25
53.474969,-2.257583,0.0
53.474582,-2.254758,0.0
53.474582,-2.254758,0.0
53.474582,-2.254758,0.0
53.474582,-2.254758,0.0
53.473881,-2.25372,0.0
53.474759,-2.257969,0.0
53.474542,-2.255952,0.0
53.47663,-2.253613,0.0
53.474542,-2.255952,0.0
53.474558,-2.255941,0.0
53.474554,-2.255941,0.0
53.475803,-2.251038,0.0
53.474855,-2.257014,0.0
53.475311,-2.256887,0.0
53.475046,-2.256617,0.2
53.476636,-2.256234,0.0
53.476636,-2.256234,0.13636363636363635
53.474325,-2.253692,0.25
53.474554,-2.249944,0.0
53.474612,-2.251896,0.0
53.474076,-2.252411,-1.0
53.4765,-2.254334,0.0
53.475166,-2.254667,0.0
53.476636,-2.256234,0.13636363636363635
53.476662,-2.256245,0.13636363636363635
53.477236,-2.256445,0.0
53.477236,-2.256445,0.0
53.477236,-2.256445,0.0
53.477236,-2.256445,0.0
53.477236,-2.256445,0.0
53.477236,-2.256445,0.0
53.477236,-2.256445,0.0
53.477236,-2.256445,0.0
53.477236,-2.256445,0.0
53.477236,-2.256445,0.0
53.477236,-2.256445,0.0
53.477236,-2.256445,0.0
53.477236,-2.256445,0.0
53.477236,-2.256445,0.0
53.477236,-2.256445,0.0
53.477236,-2.256445,0.0
53.477236,-2.256445,0.0
53.477236,-2.256445,0.0
53.477236,-2.256445,0.0
53.477236,-2.256445,0.0
53.477236,-2.256445,0.0
53.477236,-2.256445,0.0
53.477236,-2.256445,0.0
53.474542,-2.25533,0.0
53.474082,-2.256542,-0.125
53.474251,-2.256703,0.0
53.474165,-2.256617,0.0
53.474162,-2.256596,0.0
53.47435,-2.256832,0.0
53.474724,-2.256402,0.0
53.477398,-2.259006,0.0
53.477238,-2.257325,0.0
53.476261,-2.261093,-0.022857142857142864
53.477143,-2.259253,0.0
53.476731,-2.256183,0.0
53.476731,-2.256183,0.0
53.476731,-2.256183,0.0
53.476731,-2.256183,-0.1
53.476731,-2.256183,0.25
53.476731,-2.256183,0.0
53.476731,-2.256183,0.25
53.47473,-2.256606,-0.024999999999999994
53.474855,-2.256767,0.0
53.474915,-2.256778,0.0
53.474823,-2.256767,-0.525
53.4748,-2.256757,0.0
53.474976,-2.256478,0.1
53.474819,-2.256714,0.15000000000000002
53.475375,-2.254782,0.25
53.475397,-2.25475,0.4291666666666667
53.473999,-2.259364,0.0
53.47465,-2.257196,0.0
53.474538,-2.254933,-0.10800000000000001
53.475337,-2.254825,0.0
53.475397,-2.254793,0.3
53.475298,-2.254761,0.09285714285714286
53.475295,-2.254675,0.0
53.475164,-2.254407,0.16190476190476188
53.475295,-2.254718,-0.039999999999999994
53.475327,-2.254675,0.5
53.475279,-2.254729,0.0
53.475167,-2.25489,0.0
53.474492,-2.255146,0.0
53.474899,-2.258623,0.0
53.475381,-2.254718,0.08499999999999999
53.473858,-2.255802,0.0
53.474455,-2.253077,0.15156250000000002
53.474861,-2.249053,0.0
53.475263,-2.25525,0.0
53.475336,-2.25542,0.0
53.475425,-2.255475,0.0
53.476391,-2.256398,0.0
53.476769,-2.25677,0.5
53.476853,-2.254799,0.0
53.476853,-2.254799,0.0
53.476853,-2.254799,0.0
53.476853,-2.254799,0.0
53.476853,-2.254799,0.0
53.47799,-2.253887,0.0
53.47799,-2.253887,0.0
53.47799,-2.253887,0.0
53.474797,-2.253597,0.0
53.474797,-2.253597,0.0
53.476582,-2.253602,0.0
53.47525,-2.255512,0.0
53.474816,-2.254943,0.0
53.474969,-2.254943,0.0
53.475021,-2.254729,0.0
53.474816,-2.25622,0.0
53.474461,-2.250975,0.0
53.474749,-2.254997,0.30833333333333335
53.474749,-2.254997,0.5
53.474749,-2.254997,0.4
53.474749,-2.254997,0.20476190476190478
53.474631,-2.253484,-0.125
53.474682,-2.251832,0.13194444444444445
53.473855,-2.25357,-0.25
53.474494,-2.255952,0.05
53.474497,-2.256782,0.0
53.473766,-2.253924,0.0
53.474484,-2.256424,0.0
53.474529,-2.256402,0.11818181818181818
53.475959,-2.252883,0.0
53.475276,-2.253892,0.0
53.475183,-2.2549,0.575
53.475212,-2.255018,0.25
53.47512,-2.254772,0.0
53.475206,-2.25489,-0.5
53.475222,-2.255051,-0.5
53.475302,-2.254922,0.0
53.475177,-2.255415,0.0
53.475333,-2.255094,0.0
53.470993,-2.252161,0.125
53.474529,-2.257969,0.0
53.475097,-2.256349,0.0
53.475627,-2.253634,0.7
53.475059,-2.254815,0.5
53.475669,-2.258183,0.0
53.475531,-2.257304,0.0
53.476282,-2.256445,0.0
53.475353,-2.25681,0.0
53.475228,-2.256993,0.0
53.475027,-2.257905,0.0
53.474542,-2.255737,0.0
53.474746,-2.256803,0.0
53.47465,-2.252068,0.0
53.477038,-2.250223,0.17115384615384618
53.474657,-2.251784,-0.1763888888888889
53.476009,-2.25641,0.0
53.474637,-2.253527,0.0
53.474637,-2.253527,0.0
53.474637,-2.253527,0.0
53.474567,-2.2549,0.0
53.47564,-2.256488,0.0
53.474848,-2.256417,0.0
53.475001,-2.256714,0.0
53.475001,-2.256714,0.0
53.474554,-2.254235,0.0
53.474599,-2.253366,0.0
53.474599,-2.253366,0.0
53.474561,-2.249246,0.0
53.474833,-2.255167,0.0
53.474833,-2.255167,0.0
53.476263,-2.256177,0.0
53.476263,-2.256177,0.0
53.474724,-2.256993,0.0
53.474676,-2.256317,0.0
53.473833,-2.254879,0.0
53.474497,-2.2493,0.15
53.474701,-2.256531,0.0
53.475595,-2.253484,0.1
53.473922,-2.253806,0.0
53.474567,-2.255576,0.0
53.474653,-2.25489,0.0
53.474222,-2.258934,0.0
53.474957,-2.25328,0.0
53.477236,-2.256445,0.0
53.474582,-2.254758,0.0
53.474582,-2.254758,0.0
53.474582,-2.254758,0.0
53.474582,-2.254758,0.0
53.474088,-2.254064,0.16818181818181818
53.47451,-2.256735,0.0
53.477236,-2.256445,0.0
53.477236,-2.256445,0.0
53.474427,-2.256059,0.0
53.472974,-2.258087,0.0
53.474663,-2.256542,-0.14226190476190478
53.476692,-2.255775,0.22857142857142856
53.477277,-2.258622,0.23333333333333334
53.476731,-2.256183,0.0
53.475238,-2.255705,0.225
53.475199,-2.254664,0.0
53.475474,-2.254825,0.0
53.47442,-2.252733,0.21111111111111114
53.475336,-2.25542,0.0
53.4739,-2.253588,0.0
53.475333,-2.250244,-0.07777777777777778
53.474491,-2.255984,0.05
53.475391,-2.25578,0.0
53.476712,-2.257722,-0.2
53.476731,-2.256183,0.0
53.477963,-2.253277,0.3180555555555556
53.474657,-2.257111,0.0
53.474535,-2.255244,0.0
53.475627,-2.258752,0.0
53.476058,-2.258012,0.0
53.476151,-2.257872,0.0
53.474369,-2.258194,-0.1607142857142857
53.474082,-2.255099,0.0
53.4745,-2.255,0.0
53.475166,-2.254834,0.0
53.477019,-2.254251,0.4
53.477351,-2.254836,0.4
53.476572,-2.253495,0.0
53.476572,-2.253495,0.0
53.474903,-2.256659,0.0
53.474433,-2.256639,0.0
53.474433,-2.256639,0.0
53.474433,-2.256639,0.0
53.474433,-2.256639,0.0
53.474433,-2.256639,0.0
53.474433,-2.256639,0.0
53.474433,-2.256639,0.0
53.474433,-2.256639,0.0
53.474433,-2.256639,0.0
53.474433,-2.256639,0.0
53.474433,-2.256639,0.0
53.474433,-2.256639,0.0
53.474433,-2.256639,0.0
53.474433,-2.256639,0.0
53.474433,-2.256639,0.0
53.474433,-2.256639,0.0
53.474855,-2.250738,0.0
53.474778,-2.253999,0.0
53.47443,-2.25106,0.0
53.474542,-2.25033,0.0
53.474673,-2.257465,0.0
53.474535,-2.249858,0.15
53.477099,-2.257947,0.0
53.475614,-2.253924,0.0
53.475385,-2.254021,0.0
53.475484,-2.254321,0.0
53.474635,-2.258023,0.25
53.474669,-2.257443,0.35
53.47427,-2.253074,0.11818181818181818
53.474845,-2.257623,0.0
53.474561,-2.257121,0.0
53.474807,-2.256553,0.0
53.474631,-2.256274,0.0
53.473459,-2.256311,0.0
53.474503,-2.256381,0.1
53.474628,-2.255548,0.11818181818181818
53.474628,-2.255548,0.0
53.474621,-2.250838,0.0
53.474547,-2.255895,0.0
53.474516,-2.255664,0.0
53.474618,-2.253742,0.0
53.474904,-2.251671,0.0
53.47726,-2.254933,0.0
53.477203,-2.257432,0.0
53.477203,-2.257432,0.0
53.477203,-2.257432,0.0
53.476877,-2.256016,0.0
53.476699,-2.254675,0.0
53.476699,-2.254675,0.0
53.476098,-2.254407,0.0
53.474637,-2.249847,0.12329545454545453
53.47548,-2.250448,0.0
53.47548,-2.250448,0.0
53.474542,-2.255909,0.3071428571428571
53.474542,-2.255909,0.2453125
53.474542,-2.255909,0.2453125
53.474542,-2.255909,0.2453125
53.473411,-2.26167,0.025722789115646256
53.474574,-2.250974,0.0
53.474542,-2.250802,0.0
53.477294,-2.249128,0.0
53.477294,-2.249128,0.0
53.477294,-2.249128,0.0
53.474446,-2.256917,0.0
53.474012,-2.259621,0.0
53.475302,-2.256574,0.0
53.475155,-2.256429,0.1
53.473801,-2.253527,-0.0625
53.473967,-2.253935,0.0
53.47466,-2.256553,0.0
53.474647,-2.253484,0.0
53.474452,-2.250716,0.325
53.474257,-2.256686,0.0
53.474602,-2.251242,-0.0016666666666666746
53.474593,-2.253956,0.0
53.474593,-2.253956,0.0
53.474606,-2.251886,0.0
53.474606,-2.251886,0.0
53.474606,-2.251886,0.0
53.474593,-2.249976,0.0
53.475608,-2.254595,-0.013392857142857146
53.474433,-2.251317,0.0
53.47716,-2.249139,0.0
53.477156,-2.249064,0.0
53.477105,-2.249128,0.0
53.476642,-2.255421,0.1977249236551562
53.477141,-2.249246,0.0
53.477051,-2.249107,0.0
53.477051,-2.249107,0.0
53.477051,-2.249107,0.0
53.477051,-2.249107,0.0
53.477051,-2.249107,0.0
53.477051,-2.249107,0.0
53.477051,-2.249107,0.3342361111111111
53.474309,-2.253055,0.0
53.474312,-2.252991,0.0
53.47451,-2.256424,0.1764423076923077
53.47451,-2.256424,0.1764423076923077
53.47451,-2.256424,0.1764423076923077
53.47451,-2.256424,0.1764423076923077
53.47451,-2.256424,0.1764423076923077
53.47451,-2.256424,0.1764423076923077
53.47451,-2.256424,0.1764423076923077
53.47451,-2.256424,0.1764423076923077
53.47451,-2.256424,0.1764423076923077
53.47451,-2.256424,0.1764423076923077
53.47451,-2.256424,0.1764423076923077
53.47451,-2.256424,0.1764423076923077
53.47451,-2.256424,0.1764423076923077
53.47451,-2.256424,0.1764423076923077
53.47451,-2.256424,0.1764423076923077
53.47451,-2.256424,0.1764423076923077
53.47451,-2.256424,0.1764423076923077
53.47451,-2.256424,0.1764423076923077
53.474682,-2.257089,-0.08452380952380951
53.474561,-2.254214,-0.23076923076923078
53.474593,-2.25254,0.0
53.474783,-2.256437,0.0
53.475044,-2.256389,0.0
53.474947,-2.257067,0.0
53.475258,-2.256889,0.0
53.475761,-2.2566,0.0
53.475983,-2.256523,0.0
53.476644,-2.256237,0.0
53.474561,-2.257432,0.12000000000000002
53.474542,-2.255909,0.0
53.474692,-2.256124,0.0
53.474267,-2.256735,0.0
53.478095,-2.260147,0.1
53.475324,-2.254128,0.0
53.474816,-2.25622,0.5
53.474816,-2.25622,0.0
53.474816,-2.25622,0.0
53.474816,-2.25622,-0.5
53.474816,-2.25622,-0.5
53.474816,-2.25622,-0.1
53.474816,-2.25622,0.3
53.474816,-2.25622,-0.1
53.474816,-2.25622,0.0
53.474816,-2.25622,0.0
53.474816,-2.25622,0.5
53.474816,-2.25622,0.0
53.474816,-2.25622,0.0
53.474816,-2.25622,0.0
53.4746,-2.252953,0.0
53.474816,-2.25622,0.0
53.474816,-2.25622,0.0
53.474816,-2.25622,0.0
53.4746,-2.252953,0.0
53.4746,-2.252953,0.0
53.4746,-2.252953,0.0
53.477204,-2.250663,-0.15555555555555556
53.477,-2.250169,0.2333333333333333
53.477,-2.250169,0.0
53.477,-2.250169,0.0
53.476847,-2.249418,-0.05
53.476847,-2.249418,0.45
53.477753,-2.249032,0.5333333333333333
53.47616,-2.252798,0.0
53.475416,-2.253463,0.0
53.475637,-2.254815,0.0
53.475717,-2.255512,0.15
53.475362,-2.255083,0.0
53.475161,-2.255512,0.0
53.475132,-2.255609,0.0
53.474491,-2.255555,0.0
53.474551,-2.253688,0.6
53.474452,-2.253302,0.0
53.474551,-2.253656,0.0
53.474567,-2.253495,0.0
53.474398,-2.252701,0.0
53.474424,-2.252626,-0.21875
53.474663,-2.254643,0.0
53.477891,-2.260136,0.0
53.474574,-2.254922,0.0
53.474727,-2.252497,0.0
53.474641,-2.251811,0.31
53.474567,-2.254064,0.07045454545454545
53.474333,-2.255334,-0.1625
53.475314,-2.253667,1.0
53.475209,-2.256091,0.1
53.475206,-2.256156,0.25
53.474628,-2.255973,0.0
53.474835,-2.255952,0.0
53.476136,-2.25755,0.0
53.475448,-2.254836,0.011111111111111118
53.475448,-2.254836,0.35
53.474507,-2.252207,0.0
53.474593,-2.256156,0.125
53.474593,-2.256156,0.18333333333333335
53.474593,-2.256156,0.15714285714285717
53.474593,-2.256156,0.18333333333333335
53.477236,-2.256445,0.0
53.477236,-2.256445,0.0
53.477236,-2.256445,0.0
53.475653,-2.255136,0.0
53.475653,-2.255136,0.0
53.477236,-2.256445,0.0
53.477236,-2.256445,0.0
53.477236,-2.256445,0.0
53.477236,-2.256445,0.0
53.477236,-2.256445,0.0
53.477236,-2.256445,0.0
53.477236,-2.256445,0.0
53.477236,-2.256445,0.0
53.477236,-2.256445,0.0
53.477236,-2.256445,0.0
53.477236,-2.256445,0.0
53.477236,-2.256445,0.0
53.477236,-2.256445,0.0
53.477236,-2.256445,0.0
53.477236,-2.256445,0.0
53.477236,-2.256445,0.0
53.477236,-2.256445,0.0
53.477236,-2.256445,0.0
53.477236,-2.256445,0.0
53.477236,-2.256445,0.0
53.477236,-2.256445,0.0
53.477236,-2.256445,0.0
53.477236,-2.256445,0.0
53.477236,-2.256445,0.0
53.477236,-2.256445,0.0
53.477236,-2.256445,0.0
53.477236,-2.256445,0.0
53.477236,-2.256445,0.0
53.477236,-2.256445,0.0
53.477236,-2.256445,0.0
53.474682,-2.251982,0.0
53.474512,-2.251073,0.46875
53.475659,-2.254836,0.5
53.474433,-2.256639,0.0
53.474433,-2.256639,0.0
53.474433,-2.256639,0.0
53.474547,-2.252006,0.0
53.475321,-2.253656,0.0
53.476699,-2.254675,0.0
53.475683,-2.250083,0.0
53.475287,-2.254621,0.0
53.474542,-2.255909,0.3071428571428571
53.475171,-2.256451,0.1
53.474835,-2.256692,0.0
53.474606,-2.251886,0.0
53.477102,-2.249064,0.0
53.477051,-2.249107,0.0
53.477051,-2.249107,0.0
53.476502,-2.254278,0.1764423076923077
53.47451,-2.256424,0.1764423076923077
53.475212,-2.252678,-0.5
53.474816,-2.25622,-0.03333333333333333
53.474816,-2.25622,0.0
53.474816,-2.25622,0.0
53.474816,-2.25622,0.0
53.476847,-2.249418,0.0
53.474542,-2.255845,-0.12
53.4745,-2.255952,0.6
53.476136,-2.25755,0.0
53.477236,-2.256445,0.0
53.47442,-2.256907,0.0
53.47442,-2.256907,0.0
53.474682,-2.251886,0.0
53.474369,-2.252444,0.0
53.474376,-2.25327,0.0
53.474529,-2.253012,0.0
53.474356,-2.252991,0.0
53.474599,-2.256821,0.0
53.474599,-2.255727,0.0
53.474599,-2.255727,0.0
53.474938,-2.256242,0.0
53.474938,-2.256242,0.0
53.474938,-2.256242,0.0
53.475863,-2.256993,0.5
53.475863,-2.256993,0.25
53.475863,-2.256993,0.0
53.475863,-2.256993,0.0
53.475863,-2.256993,0.0
53.476014,-2.256392,-0.15
53.476014,-2.256392,-0.15
53.476014,-2.256392,-0.15
53.476014,-2.256392,-0.15
53.476014,-2.256392,-0.15
53.476014,-2.256392,-0.15
53.476014,-2.256392,-0.15
53.478098,-2.249429,0.8
53.478098,-2.249429,0.8
53.478098,-2.249429,0.8
53.478098,-2.249429,0.0
53.477313,-2.249075,0.8
53.477313,-2.249075,0.8
53.474861,-2.251682,0.25
53.474925,-2.249686,0.0
53.474625,-2.249579,0.0
53.474625,-2.249579,0.0
53.47459,-2.254058,0.0
53.474673,-2.256209,0.0
53.474229,-2.252669,-0.2
53.477499,-2.249022,0.8
53.474564,-2.255866,0.5
53.474481,-2.255866,0.5
53.475649,-2.25107,0.0
53.474842,-2.251896,0.0
53.474516,-2.255759,0.1
53.475282,-2.254493,0.16666666666666666
53.475563,-2.250416,0.21212121212121213
53.47458,-2.249643,0.0
53.474637,-2.256038,0.4
53.474548,-2.256928,0.15900974025974024
53.477613,-2.256016,0.0
53.477613,-2.256016,0.0
53.474657,-2.253473,0.1
53.474465,-2.256612,0.0
53.474465,-2.256612,0.0
53.474465,-2.256612,0.0
53.474465,-2.256612,0.0
53.474465,-2.256612,0.0
53.474465,-2.256612,0.0
53.474465,-2.256612,0.0
53.474465,-2.256612,0.0
53.474465,-2.256612,0.0
53.474465,-2.256612,0.0
53.474465,-2.256612,0.0
53.474465,-2.256612,0.0
53.474465,-2.256612,0.0
53.474465,-2.256612,0.0
53.474465,-2.256612,0.0
53.474465,-2.256612,0.0
53.474465,-2.256612,0.0
53.474465,-2.256612,0.0
53.474465,-2.256612,0.0
53.474465,-2.256612,0.0
53.474465,-2.256612,0.0
53.474465,-2.256612,0.0
53.474465,-2.256612,0.0
53.474465,-2.256612,0.0
53.474465,-2.256612,0.0
53.474465,-2.256612,0.0
53.474465,-2.256612,0.0
53.474465,-2.256612,0.0
53.474465,-2.256612,0.0
53.474465,-2.256612,0.0
53.474465,-2.256612,0.0
53.474465,-2.256612,0.0
53.474465,-2.256612,0.0
53.474465,-2.256612,0.0
53.474465,-2.256612,0.0
53.474465,-2.256612,0.0
53.47495,-2.254729,0.0
53.474536,-2.251146,0.0
53.477613,-2.256016,0.0
53.477613,-2.256016,0.0
53.477613,-2.256016,0.0
53.474816,-2.25622,-0.12777777777777777
53.474551,-2.256757,0.1
53.474551,-2.256757,-0.25
53.474523,-2.250137,0.0
53.475193,-2.256896,0.0
53.47602,-2.256102,0.0
53.47602,-2.256102,0.0
53.47602,-2.256102,0.0
53.47602,-2.256102,0.0
53.47602,-2.256102,0.0
53.47602,-2.256102,0.0
53.47602,-2.256102,0.0
53.47602,-2.256102,0.4
53.473868,-2.256778,0.35750000000000004
53.474548,-2.256778,0.425
53.474545,-2.25592,0.425
53.474513,-2.253012,0.0
53.47602,-2.256102,0.1
53.474851,-2.253034,0.0
53.475219,-2.253216,-0.04166666666666666
53.474615,-2.253656,-0.1875
53.474637,-2.25298,0.0
53.474653,-2.251843,0.0
53.477613,-2.256016,0.0
53.474545,-2.253978,0.11818181818181818
53.474101,-2.260555,0.0
53.473259,-2.255716,-0.08055555555555555
53.474752,-2.253913,0.75
53.474752,-2.253913,-0.05
53.476454,-2.253752,0.0
53.474401,-2.255587,0.0
53.47594,-2.252057,-0.375
53.474618,-2.255898,0.0
53.474577,-2.254739,0.0
53.475717,-2.256724,0.0
53.475717,-2.256724,0.0
53.47677,-2.256639,0.27878787878787875
53.47677,-2.256639,0.3214285714285715
53.474128,-2.256563,0.0
53.473649,-2.256124,0.0
53.473936,-2.253377,0.0
53.474505,-2.255963,0.0
53.47407,-2.253677,0.0
53.47407,-2.253677,0.0
53.47407,-2.253677,0.0
53.474554,-2.25637,0.0
53.474676,-2.251993,0.0
53.474484,-2.25681,0.0
53.474484,-2.25681,0.0
53.474523,-2.252798,0.0
53.475634,-2.256177,0.1
53.475455,-2.255512,0.21726190476190474
53.475455,-2.255512,0.05
53.474452,-2.253452,-0.14583333333333331
53.474452,-2.253452,0.1517857142857143
53.474452,-2.253452,0.0
53.474452,-2.253452,0.011111111111111118
53.474669,-2.249289,0.0
53.474452,-2.253452,0.65
53.47453,-2.25688,-0.2
53.474542,-2.253795,0.0
53.47459,-2.257132,0.25
53.473922,-2.255276,0.625
53.474248,-2.25636,-0.1875
53.474794,-2.257786,0.0
53.474794,-2.257786,-0.06666666666666667
53.474931,-2.257014,0.55
53.475219,-2.256284,0.07023809523809522
53.475388,-2.255233,0.0
53.474957,-2.251639,0.375
53.475359,-2.256456,0.0
53.47541,-2.254385,0.0
53.475206,-2.255898,0.0
53.47442,-2.256907,0.0
53.474602,-2.255485,0.0
53.4739,-2.257373,0.7083333333333334
53.4739,-2.257373,0.0
53.4739,-2.257373,0.0
53.4739,-2.257373,0.0
53.4739,-2.257373,-0.03749999999999999
53.4739,-2.257373,-0.43333333333333335
53.478098,-2.249,0.3287878787878788
53.474609,-2.25342,0.0
53.475448,-2.253382,0.78
53.475448,-2.253382,0.5933333333333333
53.475448,-2.253382,0.78
53.475448,-2.253382,0.78
53.475448,-2.253382,0.78
53.475448,-2.253382,0.78
53.475448,-2.253382,0.78
53.475448,-2.253382,0.69
53.475448,-2.253382,0.78
53.475448,-2.253382,0.14
53.473648,-2.255963,0.0
53.474535,-2.249858,0.0
53.47495,-2.254729,0.0
53.474535,-2.249858,0.0
53.474855,-2.250738,0.0
53.474471,-2.254836,0.0
53.475149,-2.256966,0.0
53.474286,-2.256703,0.0
53.475142,-2.255867,0.0
53.474542,-2.255405,0.0
53.474542,-2.255405,0.0
53.474542,-2.255405,0.0
53.474542,-2.255405,0.0
53.474637,-2.256252,-0.25
53.473756,-2.254235,0.1340909090909091
53.474791,-2.257819,0.0
53.473753,-2.256231,0.0
53.474389,-2.251178,0.0
53.475535,-2.254364,0.0
53.474596,-2.255297,0.0
53.474523,-2.253463,0.0
53.474523,-2.253463,0.0
53.474829,-2.256177,0.0
53.475155,-2.256531,0.0
53.474791,-2.257819,0.0
53.47473,-2.256231,0.0
53.475659,-2.256853,0.0
53.475579,-2.256617,0.36000000000000004
53.474577,-2.252009,0.0
53.474657,-2.253495,0.0
53.475174,-2.254546,-0.1
53.476199,-2.256424,0.0
53.475717,-2.256928,0.0
53.475828,-2.256778,0.0
53.475704,-2.256928,0.0
53.476263,-2.256306,0.0
53.475758,-2.256757,0.0
53.475474,-2.258183,0.0
53.475474,-2.258183,0.0
53.474906,-2.25408,0.0
53.473651,-2.254262,0.0
53.476081,-2.253334,0.0
53.475787,-2.253527,0.13333333333333333
53.47617,-2.25578,0.08333333333333333
53.476566,-2.256917,0.09999999999999999
53.474618,-2.257175,0.0
53.475448,-2.25666,0.0
53.474401,-2.254214,0.0
53.474676,-2.252755,0.0
53.474564,-2.255952,0.0
53.474564,-2.255952,0.0
53.474273,-2.255083,0.0
53.475749,-2.257336,0.10000000000000002
53.475749,-2.257336,0.10000000000000002
53.475749,-2.257336,0.10000000000000002
53.475749,-2.257336,0.10000000000000002
53.475749,-2.257336,0.10000000000000002
53.475749,-2.257336,0.10000000000000002
53.475749,-2.257336,0.10000000000000002
53.475749,-2.257336,0.10000000000000002
53.476751,-2.256435,0.10000000000000002
53.474392,-2.25225,0.3333333333333333
53.47481,-2.256274,0.0
53.475059,-2.255813,0.0
53.477217,-2.256306,0.0
53.477217,-2.256306,0.0
53.477217,-2.256306,0.0
53.477217,-2.256306,0.0
53.477217,-2.256306,0.0
53.477217,-2.256306,0.0
53.477217,-2.256306,0.0
53.477217,-2.256306,0.0
53.477217,-2.256306,0.0
53.477217,-2.256306,0.0
53.477217,-2.256306,0.0
53.477217,-2.256306,0.0
53.477217,-2.256306,0.0
53.477217,-2.256306,0.0
53.477217,-2.256306,0.0
53.477217,-2.256306,0.0
53.477217,-2.256306,0.0
53.477217,-2.256306,0.0
53.477217,-2.256306,0.0
53.477217,-2.256306,0.0
53.477217,-2.256306,0.0
53.477217,-2.256306,0.0
53.477217,-2.256306,0.0
53.477217,-2.256306,0.0
53.477217,-2.256306,0.0
53.477217,-2.256306,0.0
53.474165,-2.255823,0.0
53.474165,-2.255823,0.0
53.474165,-2.255823,0.0
53.474165,-2.255823,0.0
53.474612,-2.250094,0.0
53.474612,-2.250094,0.0
53.474612,-2.250094,0.0
53.474319,-2.25557,0.0
53.474319,-2.25557,0.0
53.474319,-2.25557,0.0
53.474319,-2.25557,0.0
53.474319,-2.25557,0.0
53.474319,-2.25557,0.0
53.474708,-2.253549,-0.15555555555555556
53.474319,-2.25557,0.0
53.474319,-2.25557,0.0
53.474319,-2.25557,0.0
53.474319,-2.25557,0.0
53.474319,-2.25557,0.0
53.474319,-2.25557,0.0
53.474319,-2.25557,0.0
53.474319,-2.25557,0.0
53.474319,-2.25557,0.0
53.474183,-2.255695,0.0
53.474163,-2.255517,0.0
53.474163,-2.255517,0.0
53.474163,-2.255517,0.0
53.474163,-2.255517,0.0
53.47425,-2.255637,0.0
53.474708,-2.253549,0.0
53.47425,-2.255637,0.0
53.47425,-2.255637,0.0
53.474155,-2.255595,0.0
53.47425,-2.255637,0.0
53.47425,-2.255637,0.0
53.47425,-2.255637,0.0
53.47425,-2.255637,0.0
53.47425,-2.255637,0.0
53.47425,-2.255637,0.0
53.47425,-2.255637,0.0
53.47425,-2.255637,0.0
53.474155,-2.255595,0.0
53.474155,-2.255595,0.0
53.474155,-2.255595,0.0
53.474155,-2.255595,0.0
53.474155,-2.255595,0.0
53.474155,-2.255595,0.0
53.474155,-2.255595,0.0
53.474155,-2.255595,0.0
53.47425,-2.255637,0.0
53.47425,-2.255637,0.0
53.47425,-2.255637,0.0
53.47425,-2.255637,0.0
53.47425,-2.255637,0.0
53.474347,-2.255753,0.0
53.47425,-2.255637,0.0
53.47425,-2.255637,0.0
53.47425,-2.255637,0.0
53.47425,-2.255637,0.0
53.47425,-2.255637,0.0
53.474689,-2.251489,0.1
53.474682,-2.253452,0.0
53.471643,-2.252261,-0.2
53.471643,-2.252261,0.26212121212121214
53.471643,-2.252261,0.0
53.471643,-2.252261,0.0
53.471643,-2.252261,0.2681818181818182
53.471643,-2.252261,0.2681818181818182
53.471643,-2.252261,0.2681818181818182
53.471643,-2.252261,0.2681818181818182
53.471643,-2.252261,0.0
53.471643,-2.252261,0.2681818181818182
53.471643,-2.252261,0.0
53.471643,-2.252261,0.34545454545454546
53.471643,-2.252261,0.34545454545454546
53.471643,-2.252261,0.34545454545454546
53.471643,-2.252261,0.2681818181818182
53.471643,-2.252261,0.2681818181818182
53.471643,-2.252261,0.2681818181818182
53.471643,-2.252261,0.2681818181818182
53.471643,-2.252261,0.2681818181818182
53.471643,-2.252261,0.2681818181818182
53.471643,-2.252261,0.2681818181818182
53.471643,-2.252261,0.2681818181818182
53.471643,-2.252261,0.2681818181818182
53.471643,-2.252261,-0.07142857142857142
53.471643,-2.252261,0.2681818181818182
53.471643,-2.252261,0.2681818181818182
53.471643,-2.252261,0.2681818181818182
53.471643,-2.252261,0.13636363636363635
53.475576,-2.250781,0.0
53.474599,-2.254643,0.0
53.474599,-2.254643,0.0
53.476004,-2.255845,0.0
53.474599,-2.254643,0.0
53.475027,-2.254986,-0.15
53.476234,-2.250952,-0.09999999999999999
53.475761,-2.253248,0.0
53.474152,-2.257132,0.0
53.474152,-2.257132,0.0
53.474152,-2.257132,0.0
53.474152,-2.257132,0.0
53.474152,-2.257132,0.0
53.474152,-2.257132,0.0
53.474152,-2.257132,0.0
53.474152,-2.257132,0.0
53.474152,-2.257132,0.0
53.474152,-2.257132,0.0
53.47512,-2.256145,0.0
53.47512,-2.256145,0.0
53.47512,-2.256145,0.0
53.47512,-2.256145,0.0
53.47512,-2.256145,0.0
53.475637,-2.255201,0.0
53.47648,-2.255705,0.0
53.47648,-2.255705,0.0
53.47648,-2.255705,0.0
53.47648,-2.255705,0.0
53.476234,-2.250952,0.00416666666666668
53.475343,-2.253892,-0.1
53.474784,-2.253334,0.0
53.474609,-2.255308,0.1
53.474609,-2.255308,0.1
53.474609,-2.255308,0.1
53.474609,-2.255308,0.0
53.474609,-2.255308,0.0
53.474669,-2.254203,0.0
53.474714,-2.251939,0.0
53.474599,-2.250416,0.0
53.47459,-2.25512,0.30000000000000004
53.475193,-2.255356,0.0
53.475193,-2.255356,0.0
53.476617,-2.25813,0.0
53.474235,-2.256048,0.0
53.474532,-2.25342,0.0
53.474532,-2.25342,0.07142857142857142
53.474235,-2.256048,0.0
53.475238,-2.259685,0.0
53.475238,-2.259685,0.0
53.475238,-2.259685,0.0
53.476362,-2.254042,0.0
53.47684,-2.256799,0.0
53.475139,-2.256124,0.0
53.475139,-2.256124,0.0
53.475139,-2.256124,0.0
53.475787,-2.258205,0.0
53.474657,-2.253473,0.11818181818181818
53.47405,-2.253484,0.0
53.474465,-2.256091,0.0
53.474657,-2.253473,0.0
53.474657,-2.253473,0.11818181818181818
53.475438,-2.2541,0.0
53.475494,-2.254445,0.0
53.475441,-2.255231,0.0
53.475257,-2.255609,0.0
53.47442,-2.258377,0.0
53.47442,-2.258377,0.0
53.475289,-2.258709,0.0
53.474727,-2.255737,0.0
53.47442,-2.258377,0.0
53.474727,-2.255737,0.0
53.47474,-2.253431,0.0
53.47474,-2.253431,0.0
53.477522,-2.258159,0.0
53.474657,-2.253473,0.0
53.476406,-2.253592,-0.05555555555555555
53.474912,-2.249933,0.0
53.474912,-2.249933,0.0
53.476796,-2.253452,0.0
53.474912,-2.249933,0.0
53.477217,-2.256306,0.0
53.476796,-2.253452,0.0
53.476796,-2.253452,0.0
53.476796,-2.253452,0.0
53.476796,-2.253452,0.0
53.476796,-2.253452,0.0
53.477217,-2.256306,0.0
53.477217,-2.256306,0.0
53.477217,-2.256306,0.0
53.477217,-2.256306,0.0
53.476796,-2.253452,0.0
53.476796,-2.253452,0.0
53.474599,-2.254643,0.0
53.474912,-2.249933,0.0
53.474912,-2.249933,0.0
53.474912,-2.249933,0.0
53.475174,-2.256306,0.0
53.475174,-2.256306,0.0
53.47647,-2.255426,0.0
53.474599,-2.254643,0.0
53.474701,-2.253484,0.0
53.474701,-2.253484,0.0
53.474701,-2.253484,0.0
53.474701,-2.253484,0.0
53.474701,-2.253484,0.0
53.474657,-2.253473,0.0
53.474142,-2.260951,0.0
53.474793,-2.257111,0.0
53.474574,-2.253227,0.0
53.474653,-2.255845,0.0
53.476339,-2.255887,0.0
53.474567,-2.255576,0.0
53.474369,-2.256928,0.0
53.474369,-2.256928,0.0
53.474369,-2.256928,0.0
53.474369,-2.256928,0.0
53.474532,-2.257272,0.0
53.474532,-2.257272,0.0
53.474532,-2.257272,0.0
53.474778,-2.256381,0.0
53.474653,-2.253409,0.0
53.474589,-2.250051,0.0
53.474653,-2.255845,0.0
53.474589,-2.250051,0.0
53.474653,-2.255845,0.0
53.47435,-2.253484,0.0
53.474468,-2.253946,-0.15000000000000002
53.473996,-2.255512,0.09999999999999998
53.475531,-2.255437,0.0
53.474912,-2.249933,0.0
53.475531,-2.255437,0.0
53.475531,-2.255437,0.0
53.474912,-2.249933,0.0
53.477217,-2.256306,0.0
53.477217,-2.256306,0.0
53.477217,-2.256306,0.0
53.477217,-2.256306,0.0
53.477217,-2.256306,0.0
53.477217,-2.256306,0.0
53.477217,-2.256306,0.0
53.477217,-2.256306,0.0
53.477217,-2.256306,0.0
53.477217,-2.256306,0.0
53.477217,-2.256306,0.0
53.477217,-2.256306,0.0
53.477217,-2.256306,0.0
53.477217,-2.256306,0.0
53.477217,-2.256306,0.0
53.477217,-2.256306,0.0
53.477217,-2.256306,0.0
53.477217,-2.256306,0.0
53.474165,-2.255823,0.0
53.474165,-2.255823,0.0
53.474319,-2.25557,0.0
53.474319,-2.25557,0.0
53.474319,-2.25557,0.0
53.474319,-2.25557,0.0
53.47425,-2.255637,0.0
53.475602,-2.258151,-0.3888888888888889
53.475116,-2.257604,-1.0
53.474155,-2.255595,0.0
53.47425,-2.255637,0.0
53.47425,-2.255637,0.0
53.474599,-2.254643,0.0
53.47458,-2.256789,0.19166666666666665
53.474609,-2.255308,0.1
53.474609,-2.255308,0.1
53.474657,-2.253506,0.0
53.47465,-2.250845,0.1
53.475193,-2.255356,0.0
53.475257,-2.255609,0.0
53.474532,-2.25342,0.0
53.475787,-2.258205,0.0
53.474254,-2.255705,0.0
53.47442,-2.258377,0.0
53.475649,-2.25107,0.0
53.47451,-2.255394,0.0
53.476796,-2.253452,0.0
53.476796,-2.253452,0.0
53.476796,-2.253452,0.0
53.474912,-2.249933,0.0
53.474327,-2.253647,-0.125
53.474349,-2.256941,0.0
53.473991,-2.254987,0.0
53.474441,-2.251562,0.0
53.475212,-2.255673,0.06651785714285714
53.475212,-2.255673,0.07436974789915966
53.474711,-2.250187,0.0
53.474603,-2.254412,0.04285714285714286
53.475595,-2.250523,0.0
53.474716,-2.25894,0.5
53.475697,-2.254531,0.5
53.476775,-2.256353,0.5
53.474676,-2.256875,0.11818181818181818
53.474634,-2.255922,0.0
53.474794,-2.250546,0.0
53.471528,-2.250587,0.8
53.474056,-2.253161,0.01858054226475279
53.474056,-2.253161,0.028066378066378066
53.474056,-2.253161,0.01858054226475279
53.474056,-2.253161,0.01858054226475279
53.474848,-2.257678,0.01858054226475279
53.474056,-2.253161,0.3
53.474961,-2.253418,0.016666666666666666
