latitude,longitude
53.480188,-2.22945
53.474327,-2.253647
53.474689,-2.251489
53.477233,-2.236543
53.474638,-2.240889
53.476427,-2.239042
53.484275,-2.23155
53.482947,-2.227762
53.470152,-2.295056
53.472866,-2.291648
53.472866,-2.291648
53.474544,-2.257173
53.475894,-2.254684
53.47453,-2.257764
53.472677,-2.26252
53.484312,-2.225088
53.480994,-2.245174
53.480994,-2.245174
53.481754,-2.245786
53.481754,-2.245786
53.481754,-2.245786
53.477853,-2.246473
53.477853,-2.246473
53.477861,-2.248766
53.474603,-2.254412
53.473838,-2.253139
53.47423,-2.257048
53.475276,-2.256317
53.485274,-2.244472
53.47465,-2.255598
53.47465,-2.255598
53.476642,-2.245481
53.477319,-2.244386
53.475595,-2.247133
53.474417,-2.245408
53.48394,-2.225911
53.4804,-2.230062
53.481922,-2.228864
53.481647,-2.229312
53.48023,-2.231081
53.481188,-2.22925
53.480172,-2.230575
53.480441,-2.230056
53.482097,-2.228695
53.480205,-2.230584
53.479786,-2.231362
53.48003,-2.230423
53.47988,-2.231331
53.479816,-2.231378
53.481428,-2.244939
53.481428,-2.244939
53.481428,-2.244939
53.483059,-2.223604
53.475391,-2.241919
53.475441,-2.25833
53.470985,-2.213594
53.478182,-2.244332
53.474625,-2.254053
53.475225,-2.256027
53.475209,-2.241748
53.48472,-2.243946
53.475216,-2.241678
53.473865,-2.255995
53.474689,-2.251489
53.468507,-2.269642
53.471183,-2.267743
53.464234,-2.284533
53.468507,-2.269642
53.464636,-2.291947
53.464541,-2.28021
53.464777,-2.294275
53.464636,-2.291947
53.464381,-2.299704
53.464636,-2.291947
53.464636,-2.291947
53.462369,-2.304393
53.469554,-2.269191
53.464636,-2.291947
53.459386,-2.307525
53.460855,-2.306442
53.462152,-2.304725
53.464636,-2.291947
53.456575,-2.308652
53.464636,-2.291947
53.467083,-2.272689
53.468507,-2.269642
53.464323,-2.282313
53.464323,-2.282313
53.482784,-2.223688
53.479462,-2.251998
53.479462,-2.251998
53.479462,-2.251998
53.476876,-2.239864
53.476876,-2.239864
53.476876,-2.239864
53.4789,-2.241709
53.480656,-2.239617
53.480656,-2.239617
53.474382,-2.246296
53.485297,-2.244381
53.485297,-2.244381
53.485297,-2.244381
53.485297,-2.244381
53.485297,-2.244381
53.475212,-2.255673
53.475212,-2.255673
53.475212,-2.255673
53.475212,-2.255673
53.475212,-2.255673
53.473738,-2.239545
53.473741,-2.239401
53.475077,-2.257167
53.475211,-2.257023
53.474622,-2.256559
53.474572,-2.255789
53.4745,-2.25595
53.474547,-2.255825
53.474538,-2.255662
53.47453,-2.255362
53.474572,-2.254767
53.474547,-2.254581
53.474302,-2.253387
53.474711,-2.250187
53.4745,-2.246178
53.476163,-2.238209
53.480879,-2.241998
53.477623,-2.24481
53.475503,-2.247106
53.474411,-2.245475
53.47429,-2.24055
53.47429,-2.24055
53.47429,-2.24055
53.47429,-2.24055
53.47429,-2.24055
53.47429,-2.24055
53.47429,-2.24055
53.47429,-2.24055
53.47429,-2.24055
53.47429,-2.24055
53.47429,-2.24055
53.47429,-2.24055
53.47429,-2.24055
53.47429,-2.24055
53.47429,-2.24055
53.47429,-2.24055
53.477853,-2.246473
53.477853,-2.246473
53.477853,-2.246473
53.476601,-2.241548
53.476601,-2.241548
53.476601,-2.241548
53.476601,-2.241548
53.4742,-2.253232
53.4742,-2.253232
53.475726,-2.23959
53.472779,-2.291786
53.47041,-2.29891
53.474328,-2.252717
53.474328,-2.252717
53.475101,-2.239746
53.475101,-2.239746
53.47429,-2.237707
53.475101,-2.239746
53.471063,-2.301417
53.474603,-2.254412
53.474603,-2.254412
53.474603,-2.254412
53.474603,-2.254412
53.474603,-2.254412
53.474603,-2.254412
53.475282,-2.255662
53.475202,-2.255498
53.474247,-2.256543
53.473777,-2.255189
53.475136,-2.257175
53.475136,-2.257175
53.475136,-2.257175
53.476775,-2.256353
53.474317,-2.254161
53.474247,-2.256543
53.481344,-2.221459
53.480286,-2.221853
53.480286,-2.221853
53.475202,-2.255498
53.475202,-2.255498
53.475202,-2.255498
53.474408,-2.246028
53.474408,-2.246028
53.483761,-2.225503
53.479733,-2.22796
53.479771,-2.228872
53.475411,-2.254567
53.475802,-2.25655
53.476722,-2.256092
53.482452,-2.187384
53.481513,-2.184803
53.481555,-2.184739
53.478366,-2.260029
53.471751,-2.288659
53.475327,-2.254697
53.478337,-2.259462
53.474364,-2.256715
53.474383,-2.256221
53.474676,-2.256875
53.479902,-2.232067
53.474634,-2.255922
53.474366,-2.258453
53.474366,-2.258453
53.474638,-2.256684
53.474638,-2.256684
53.474638,-2.256684
53.473669,-2.256148
53.473669,-2.256148
53.474638,-2.256684
53.474638,-2.256684
53.474638,-2.256684
53.474638,-2.256684
53.474638,-2.256684
53.474638,-2.256684
53.474577,-2.257495
53.475155,-2.256628
53.475155,-2.256628
53.475155,-2.256628
53.475155,-2.256628
53.474634,-2.255922
53.474402,-2.255992
53.474402,-2.255992
53.474019,-2.2557
53.474186,-2.253137
53.474019,-2.2557
53.474552,-2.251956
53.474552,-2.251956
53.476555,-2.239575
53.476586,-2.246404
53.475015,-2.256424
53.475015,-2.256424
53.474794,-2.250546
53.474794,-2.250546
53.474794,-2.250546
53.474829,-2.256596
53.475015,-2.256424
53.475891,-2.256987
53.475586,-2.257189
53.474472,-2.2484
53.47623,-2.238012
53.479541,-2.226727
53.483034,-2.223883
53.483034,-2.223883
53.480869,-2.229924
53.479477,-2.226598
53.478188,-2.257808
53.478188,-2.257808
53.478188,-2.257808
53.478188,-2.257808
53.478188,-2.257808
53.478188,-2.257808
53.478188,-2.257808
53.478188,-2.257808
53.478188,-2.257808
53.478188,-2.257808
53.478188,-2.257808
53.478188,-2.257808
53.478188,-2.257808
53.478188,-2.257808
53.478188,-2.257808
53.478188,-2.257808
53.478188,-2.257808
53.478188,-2.257808
53.478188,-2.257808
53.478188,-2.257808
53.474056,-2.253161
53.474056,-2.253161
53.474848,-2.257678
53.474056,-2.253161
53.484572,-2.244106
53.48528,-2.243752
53.482503,-2.246541
53.474918,-2.25623
53.474439,-2.256594
53.474848,-2.257678
53.474848,-2.257678
53.474848,-2.257678
53.474848,-2.257678
53.475608,-2.253472
53.470388,-2.290998
53.470383,-2.291014
53.470391,-2.290989
53.470416,-2.290917
53.470672,-2.294645
53.470641,-2.29462
53.470552,-2.294539
53.470505,-2.294498
53.470494,-2.294487
53.4705,-2.294495
53.470491,-2.294487
53.470486,-2.294481
53.470083,-2.292495
53.470086,-2.292498
53.470077,-2.292489
53.470069,-2.292481
53.470058,-2.292467
53.469947,-2.292464
53.469947,-2.292464
53.469947,-2.292464
53.469902,-2.292623
53.469902,-2.293078
53.4699,-2.293075
53.469827,-2.293564
53.469869,-2.2941
53.469894,-2.294695
53.469933,-2.294864
53.469947,-2.294906
53.470008,-2.29515
53.46995,-2.295281
53.469861,-2.295442
53.469861,-2.295442
53.4696,-2.295731
53.469341,-2.295984
53.46935,-2.295992
53.469361,-2.296006
53.46938,-2.296023
53.469375,-2.29602
53.469383,-2.296028
53.469502,-2.296364
53.469538,-2.29647
53.46978,-2.297056
53.469786,-2.297073
53.469841,-2.297284
53.470055,-2.298139
53.470372,-2.298695
53.470377,-2.298698
53.470377,-2.298698
53.470747,-2.299959
53.470441,-2.29897
53.470752,-2.299967
53.470863,-2.299975
53.47093,-2.3001
53.470972,-2.300234
53.470986,-2.300217
53.471011,-2.300187
53.471047,-2.300145
53.471088,-2.300109
53.47113,-2.300073
53.471211,-2.299967
53.471408,-2.299789
53.47175,-2.299678
53.471966,-2.297814
53.471966,-2.297812
53.471944,-2.297603
53.471925,-2.297467
53.47195,-2.297223
53.471913,-2.2974
53.471966,-2.297087
53.471986,-2.296914
53.471986,-2.296912
53.472011,-2.296814
53.472022,-2.29667
53.472072,-2.296189
53.472061,-2.295864
53.471683,-2.295387
53.471425,-2.295087
53.474056,-2.253161
53.474056,-2.253161
53.474056,-2.253161
53.474056,-2.253161
53.474056,-2.253161
53.474056,-2.253161
53.474056,-2.253161
53.474056,-2.253161
53.474056,-2.253161
53.474056,-2.253161
53.474056,-2.253161
53.474056,-2.253161
53.484846,-2.245157
53.475033,-2.254137
53.474056,-2.253161
53.48271,-2.223681
53.473919,-2.256364
53.472517,-2.260286
53.482844,-2.223123
53.479808,-2.228889
53.480202,-2.222878
53.475217,-2.241748
53.476555,-2.239575
53.487844,-2.270798
53.474469,-2.252512
53.474511,-2.254773
53.469912,-2.215611
53.474676,-2.256875
53.473686,-2.256102
53.473686,-2.256102
53.478169,-2.257733
53.478704,-2.259625
53.474136,-2.237084
53.475161,-2.234451
53.474676,-2.258173
53.475129,-2.234644
53.474335,-2.250957
53.47518,-2.25519
53.47518,-2.25519
53.47481,-2.258774
53.47518,-2.25519
53.475193,-2.256145
53.474963,-2.256606
53.475136,-2.256596
53.475193,-2.256145
53.475625,-2.25665
53.478384,-2.262501
53.475863,-2.257153
53.472409,-2.296968
53.47518,-2.227681
53.473666,-2.256192
53.474931,-2.257722
53.474931,-2.257722
53.474931,-2.257722
53.474931,-2.257722
53.47458,-2.254911
53.474676,-2.256875
53.475365,-2.241275
53.475078,-2.255816
53.475255,-2.256137
53.476666,-2.250278
53.474931,-2.242455
53.475063,-2.257362
53.475155,-2.257173
53.474505,-2.249089
53.474535,-2.249193
53.474535,-2.249193
53.474535,-2.240749
53.475244,-2.241736
53.478547,-2.234225
53.474631,-2.257261
53.47523,-2.256237
53.476911,-2.236983
53.474554,-2.256585
53.474912,-2.25696
53.475144,-2.241675
53.474247,-2.256543
53.471671,-2.268303
53.46983,-2.296484
53.474894,-2.251828
53.476444,-2.256373
53.483925,-2.225948
53.483733,-2.225978
53.480072,-2.231648
53.478841,-2.233331
53.478841,-2.233328
53.474548,-2.257894
53.465352,-2.233904
53.474676,-2.256875
53.473677,-2.254178
53.473705,-2.256128
53.474683,-2.256789
53.476536,-2.256337
53.474759,-2.257969
53.474842,-2.257186
53.482979,-2.227703
53.474433,-2.257025
53.49278,-2.206506
53.475638,-2.25622
53.475734,-2.256596
53.475734,-2.256596
53.473965,-2.240921
53.480946,-2.221469
53.483902,-2.22604
53.483902,-2.22604
53.483902,-2.22604
53.485463,-2.232748
53.4744,-2.24535
53.474211,-2.244831
53.469086,-2.294867
53.471036,-2.288503
53.471138,-2.300219
53.483734,-2.226322
53.478119,-2.248098
53.474886,-2.23527
53.483491,-2.226601
53.483491,-2.226601
53.474829,-2.256596
53.474829,-2.256596
53.476175,-2.238507
53.476175,-2.238507
53.476373,-2.238442
53.474863,-2.235195
53.467486,-2.252045
53.467486,-2.252045
53.48238,-2.228318
53.471584,-2.295659
53.474344,-2.256792
53.482063,-2.221897
53.471821,-2.295831
53.477428,-2.235728
53.475861,-2.2399
53.474803,-2.257497
53.482497,-2.250941
53.474544,-2.250942
53.474569,-2.255639
53.474586,-2.258523
53.480272,-2.229378
53.470269,-2.291711
53.48238,-2.228318
53.474527,-2.248242
53.473697,-2.245956
53.478773,-2.233829
53.475244,-2.254782
53.474588,-2.25325
53.474697,-2.253828
53.477988,-2.235034
53.474752,-2.23649
53.471502,-2.299082
53.471553,-2.298985
53.483232,-2.224119
53.494505,-2.203327
53.494505,-2.203327
53.45369,-2.305487
53.456746,-2.312622
53.482597,-2.223898
53.474472,-2.246666
53.482597,-2.223898
53.4827,-2.224928
53.482597,-2.223898
53.473475,-2.261798
53.473286,-2.262445
53.4827,-2.224928
53.483057,-2.224348
53.474166,-2.254723
53.475193,-2.241725
53.476069,-2.238373
53.478511,-2.234131
53.479813,-2.231342
53.480208,-2.230503
53.481933,-2.229078
53.474652,-2.243
53.474333,-2.244109
53.474308,-2.245487
53.474372,-2.247828
53.482995,-2.22324
53.466616,-2.277281
53.450197,-2.216324
53.450197,-2.216324
53.450197,-2.216324
53.450197,-2.216324
53.455333,-2.216345
53.455333,-2.216345
53.455333,-2.216345
53.455333,-2.216345
53.455333,-2.216345
53.455333,-2.216345
53.462406,-2.223328
53.463351,-2.224808
53.463351,-2.224808
53.463351,-2.224808
53.465683,-2.2266
53.465683,-2.2266
53.468479,-2.226688
53.468479,-2.226688
53.468479,-2.226688
53.468479,-2.226688
53.468479,-2.226688
53.468479,-2.226688
53.468479,-2.226688
53.468479,-2.226688
53.468479,-2.226688
53.468479,-2.226688
53.468479,-2.226688
53.468479,-2.226688
53.471621,-2.224692
53.471621,-2.224692
53.471621,-2.224692
53.471621,-2.224692
53.471621,-2.224692
53.471621,-2.224692
53.471621,-2.224692
53.471621,-2.224692
53.471621,-2.224692
53.471621,-2.224692
53.471621,-2.224692
53.471621,-2.224692
53.471621,-2.224692
53.471621,-2.224692
53.471621,-2.224692
53.471621,-2.224692
53.471621,-2.224692
53.471621,-2.224692
53.471621,-2.224692
53.471621,-2.224692
53.471621,-2.224692
53.471621,-2.224692
53.471621,-2.224692
53.471621,-2.224692
53.471621,-2.224692
53.471621,-2.224692
53.471621,-2.224692
53.471621,-2.224692
53.471621,-2.224692
53.469641,-2.218641
53.469641,-2.218641
53.469641,-2.218641
53.469641,-2.218641
53.469641,-2.218641
53.469641,-2.218641
53.469641,-2.218641
53.469641,-2.218641
53.468044,-2.209629
53.468044,-2.209629
53.468044,-2.209629
53.468044,-2.209629
53.468044,-2.209629
53.469501,-2.20611
53.469501,-2.20611
53.469501,-2.20611
53.469501,-2.20611
53.483529,-2.224026
53.475199,-2.234237
53.474574,-2.237166
53.472811,-2.289609
53.477434,-2.254986
53.476598,-2.245298
53.484146,-2.22737
53.474778,-2.25799
53.475953,-2.22825
53.475953,-2.22825
53.475953,-2.22825
53.475953,-2.22825
53.475953,-2.22825
53.475953,-2.22825
53.482597,-2.223898
53.482406,-2.221859
53.482853,-2.223576
53.478934,-2.282978
53.475715,-2.257229
53.482827,-2.224391
53.483874,-2.223683
53.482023,-2.222417
53.482023,-2.222417
53.480831,-2.222392
53.480135,-2.223089
53.482742,-2.222889
53.483874,-2.223683
53.483874,-2.223683
53.483146,-2.224112
53.482597,-2.223898
53.482827,-2.224391
53.482597,-2.223898
53.470463,-2.288628
53.46928,-2.296039
53.46908,-2.295087
53.468688,-2.294278
53.468552,-2.294062
53.468513,-2.293578
53.466702,-2.285567
53.466811,-2.285873
53.466888,-2.286931
53.468605,-2.28455
53.46885,-2.284556
53.468308,-2.286973
53.468483,-2.289142
53.468961,-2.289092
53.469916,-2.286237
53.469661,-2.285837
53.469566,-2.285295
53.471497,-2.282345
53.471766,-2.282564
53.469897,-2.294573
53.47113,-2.282731
53.470872,-2.283803
53.471377,-2.286592
53.471011,-2.288445
53.470744,-2.28882
53.469533,-2.2958
53.470422,-2.288703
53.50231,-2.177492
53.50231,-2.177492
53.50231,-2.177492
53.471622,-2.299801
53.474656,-2.252945
53.482742,-2.222889
53.482853,-2.223576
53.482853,-2.223576
53.483619,-2.225271
53.483529,-2.224026
53.483874,-2.223683
53.474545,-2.252873
53.481821,-2.229151
53.474599,-2.250759
53.469514,-2.296292
53.479859,-2.26285
53.483806,-2.191289
53.482963,-2.188038
53.482963,-2.188038
53.483368,-2.224563
53.482827,-2.224391
53.484232,-2.223447
53.483368,-2.224563
53.476041,-2.256928
53.474689,-2.25651
53.47463,-2.254137
53.473984,-2.25645
53.473984,-2.25645
53.473984,-2.25645
53.473984,-2.25645
53.473984,-2.25645
53.473984,-2.25645
53.473984,-2.25645
53.473984,-2.25645
53.473984,-2.25645
53.473984,-2.25645
53.473984,-2.25645
53.473984,-2.25645
53.473984,-2.25645
53.473984,-2.25645
53.473984,-2.25645
53.473984,-2.25645
53.473984,-2.25645
53.473984,-2.25645
53.473984,-2.25645
53.473984,-2.25645
53.473984,-2.25645
53.473984,-2.25645
53.473984,-2.25645
53.473984,-2.25645
53.473984,-2.25645
53.473984,-2.25645
53.473984,-2.25645
53.473984,-2.25645
53.473984,-2.25645
53.473984,-2.25645
53.473984,-2.25645
53.473984,-2.25645
53.473984,-2.25645
53.473984,-2.25645
53.473984,-2.25645
53.473984,-2.25645
53.473984,-2.25645
53.473984,-2.25645
53.473984,-2.25645
53.488766,-2.215287
53.48326,-2.223893
53.484122,-2.225534
53.474628,-2.253762
53.473376,-2.246713
53.472067,-2.298126
53.473076,-2.288749
53.47002,-2.272837
53.471388,-2.3
53.47521,-2.257143
53.481325,-2.229445
53.481856,-2.253774
53.479918,-2.230138
53.47906,-2.233057
53.484232,-2.223447
53.482742,-2.222889
53.483368,-2.224563
53.482827,-2.224391
53.482827,-2.224391
53.482742,-2.222889
53.474437,-2.257143
53.47429,-2.25622
53.477891,-2.249075
53.471419,-2.300047
53.471419,-2.300047
53.474689,-2.250223
53.474165,-2.259106
53.474165,-2.259106
53.474165,-2.259106
53.474165,-2.259106
53.474165,-2.259106
53.474165,-2.259106
53.474165,-2.259106
53.483529,-2.224026
53.483146,-2.224112
53.482853,-2.223576
53.475312,-2.256853
53.475203,-2.257025
53.475063,-2.257593
53.482827,-2.224391
53.482853,-2.223576
53.475613,-2.256739
53.473802,-2.254598
53.474147,-2.256531
53.474763,-2.256714
53.473633,-2.255073
53.473802,-2.254598
53.47579,-2.245287
53.47579,-2.245287
53.47579,-2.245287
53.47579,-2.245287
53.47579,-2.245287
53.47579,-2.245287
53.47579,-2.245287
53.47579,-2.245287
53.474522,-2.252081
53.474311,-2.25335
53.474311,-2.25335
53.474444,-2.245278
53.475561,-2.245253
53.482597,-2.223898
53.473686,-2.256102
53.482431,-2.222653
53.479649,-2.262582
53.469291,-2.2931
53.483368,-2.224563
53.484232,-2.223447
53.483146,-2.224112
53.484232,-2.223447
53.482853,-2.223576
53.483146,-2.224112
53.484732,-2.225825
53.465641,-2.284281
53.464227,-2.289773
53.471005,-2.267223
53.4692,-2.269164
53.467994,-2.270714
53.464186,-2.282237
53.464227,-2.289773
53.466911,-2.272292
53.468938,-2.269278
53.476655,-2.253881
53.481563,-2.221258
53.482099,-2.222181
53.481247,-2.229528
53.480909,-2.229753
53.480909,-2.229753
53.480698,-2.229914
53.480698,-2.229914
53.483619,-2.225271
53.483619,-2.225271
53.468816,-2.269284
53.474452,-2.25828
53.483866,-2.225979
53.483866,-2.225979
53.48009,-2.223122
53.47829,-2.249032
53.483866,-2.225979
53.47705,-2.249395
53.477838,-2.248637
53.477838,-2.248637
53.477838,-2.248637
53.476816,-2.249414
53.476816,-2.249414
53.476816,-2.249414
53.477136,-2.250048
53.477205,-2.249184
53.477205,-2.249184
53.477205,-2.249184
53.477205,-2.249184
53.477205,-2.249184
53.477205,-2.249184
53.477205,-2.249184
53.477205,-2.249184
53.477261,-2.249037
53.477261,-2.249037
53.477261,-2.249037
53.477261,-2.249037
53.477261,-2.249037
53.477261,-2.249037
53.477261,-2.249037
53.477261,-2.249037
53.477261,-2.249037
53.477261,-2.249037
53.477261,-2.249037
53.477261,-2.249037
53.477261,-2.249037
53.477261,-2.249037
53.477261,-2.249037
53.477261,-2.249037
53.477261,-2.249037
53.477261,-2.249037
53.477261,-2.249037
53.477261,-2.249037
53.477261,-2.249037
53.477261,-2.249037
53.477261,-2.249037
53.477261,-2.249037
53.477261,-2.249037
53.477261,-2.249037
53.477261,-2.249037
53.477261,-2.249037
53.477261,-2.249037
53.477261,-2.249037
53.477261,-2.249037
53.476744,-2.249203
53.476744,-2.249203
53.476744,-2.249203
53.476744,-2.249203
53.476744,-2.249203
53.476744,-2.249203
53.476744,-2.249203
53.485513,-2.243095
53.482888,-2.229145
53.480508,-2.23067
53.476744,-2.249203
53.476744,-2.249203
53.476744,-2.249203
53.476744,-2.249203
53.476744,-2.249203
53.476744,-2.249203
53.477261,-2.249037
53.477261,-2.249037
53.477261,-2.249037
53.477261,-2.249037
53.477261,-2.249037
53.477261,-2.249037
53.477261,-2.249037
53.477261,-2.249037
53.477261,-2.249037
53.477261,-2.249037
53.477261,-2.249037
53.477261,-2.249037
53.477261,-2.249037
53.477261,-2.249037
53.477261,-2.249037
53.477261,-2.249037
53.477261,-2.249037
53.477261,-2.249037
53.477261,-2.249037
53.477261,-2.249037
53.477261,-2.249037
53.477261,-2.249037
53.477261,-2.249037
53.476744,-2.249203
53.477713,-2.248562
53.477713,-2.248562
53.478344,-2.249637
53.477102,-2.248939
53.466961,-2.272434
53.470321,-2.29891
53.469414,-2.296013
53.470883,-2.300348
53.479801,-2.231565
53.481371,-2.220396
53.479801,-2.231565
53.479801,-2.231565
53.483083,-2.217482
53.476029,-2.238839
53.496739,-2.212296
53.496739,-2.212296
53.496739,-2.212296
53.491671,-2.22222
53.491671,-2.22222
53.483236,-2.223597
53.483325,-2.226966
53.484232,-2.223447
53.484232,-2.223447
53.475391,-2.233743
53.479619,-2.231737
53.479838,-2.230412
53.479891,-2.230314
53.47985,-2.229042
53.47983,-2.229128
53.479825,-2.22912
53.479836,-2.229112
53.479816,-2.229089
53.479738,-2.228042
53.479533,-2.226695
53.479488,-2.225853
53.479491,-2.225803
53.47948,-2.225817
53.479483,-2.225853
53.479541,-2.225806
53.479558,-2.225717
53.479447,-2.22537
53.479572,-2.224203
53.479572,-2.224159
53.479652,-2.223839
53.479655,-2.223853
53.479636,-2.227628
53.4795,-2.22552
53.479755,-2.223706
53.481367,-2.229602
53.47616,-2.238475
53.476332,-2.238335
53.476332,-2.238335
53.477264,-2.236769
53.477513,-2.236028
53.478229,-2.235095
53.478229,-2.235095
53.478229,-2.235095
53.473622,-2.255351
53.477396,-2.236425
53.477396,-2.236425
53.477396,-2.236425
53.477262,-2.236672
53.474312,-2.237217
53.474312,-2.237217
53.474312,-2.237217
53.474312,-2.237217
53.474312,-2.237217
53.48318,-2.244644
53.474305,-2.237364
53.474091,-2.237095
53.474305,-2.237209
53.485955,-2.233637
53.476962,-2.236554
53.471388,-2.300278
53.48802,-2.24739
53.474586,-2.251832
53.483261,-2.224069
53.469669,-2.295606
53.474855,-2.256531
53.48802,-2.24739
53.489162,-2.240964
53.47488,-2.256531
53.474752,-2.256467
53.478169,-2.244751
53.478169,-2.244751
53.474637,-2.255737
53.475097,-2.255995
53.474663,-2.255458
53.475302,-2.241404
53.475276,-2.241339
53.471419,-2.300047
53.471419,-2.300047
53.471828,-2.295455
53.471828,-2.295455
53.471049,-2.297387
53.471049,-2.297387
53.47057,-2.300112
53.471419,-2.300047
53.47057,-2.300112
53.47057,-2.300112
53.469925,-2.297719
53.469925,-2.297719
53.469925,-2.297719
53.469925,-2.297719
53.469925,-2.297719
53.470474,-2.296271
53.470474,-2.296271
53.470474,-2.296271
53.475059,-2.24209
53.475327,-2.241146
53.47525,-2.241232
53.476055,-2.238872
53.476259,-2.240245
53.466795,-2.277592
53.478252,-2.234902
53.474335,-2.258419
53.474019,-2.256295
53.474526,-2.254879
53.474597,-2.256714
53.470103,-2.294983
53.471393,-2.300047
53.480383,-2.230037
53.4762,-2.256414
53.475811,-2.256617
53.475638,-2.25667
53.475497,-2.256678
53.475483,-2.25667
53.475291,-2.256906
53.475188,-2.256992
53.475125,-2.256973
53.475052,-2.256756
53.474708,-2.25667
53.474675,-2.256714
53.474638,-2.256767
53.474316,-2.256695
53.47393,-2.256214
53.473869,-2.256267
53.473708,-2.256378
53.4738,-2.256089
53.473819,-2.256206
53.47353,-2.255517
53.473541,-2.255462
53.473644,-2.255189
53.473563,-2.254881
53.473586,-2.2548
53.473647,-2.254406
53.473647,-2.254406
53.473902,-2.253664
53.474002,-2.253498
53.474002,-2.253498
53.474005,-2.253484
53.473888,-2.252789
53.47393,-2.252831
53.474708,-2.256659
53.476069,-2.23862
53.476161,-2.238317
53.476125,-2.238325
53.474322,-2.251295
53.476055,-2.239334
53.475436,-2.24147
53.475044,-2.24175
53.475005,-2.241931
53.47453,-2.244487
53.474408,-2.244981
53.474422,-2.245262
53.474372,-2.245378
53.474388,-2.245873
53.47443,-2.245953
53.474475,-2.245998
53.474516,-2.246242
53.474316,-2.249128
53.474625,-2.24885
53.474594,-2.249064
53.474561,-2.249242
53.474655,-2.250481
53.474697,-2.252839
53.474669,-2.25287
53.474638,-2.2529
53.474602,-2.25425
53.47465,-2.25467
53.474747,-2.255167
53.474619,-2.255581
53.474619,-2.255581
53.474563,-2.255987
53.4672,-2.271756
53.464383,-2.280595
53.470158,-2.268703
53.478402,-2.234575
53.478122,-2.234862
53.473647,-2.256206
53.472952,-2.262137
53.485522,-2.229154
53.485522,-2.229154
53.476917,-2.23693
53.476623,-2.256349
53.483095,-2.223533
53.469516,-2.296807
53.474267,-2.251939
53.482589,-2.224069
53.483866,-2.223662
53.488517,-2.237026
53.488517,-2.237026
53.474606,-2.256016
53.474606,-2.256016
53.474606,-2.256016
53.475148,-2.245373
53.475148,-2.245373
53.475148,-2.245373
53.474619,-2.237069
53.4804,-2.222273
53.471805,-2.29832
53.475525,-2.25592
53.485584,-2.243689
53.483866,-2.225979
53.475238,-2.25902
53.473993,-2.240792
53.483368,-2.224563
53.482589,-2.223962
53.482589,-2.223361
53.480984,-2.223111
53.48078,-2.222027
53.474606,-2.256016
53.474606,-2.256016
53.483762,-2.216727
53.486137,-2.206749
53.483762,-2.216727
53.483762,-2.216727
53.483762,-2.216727
53.484674,-2.231597
53.484674,-2.231597
53.474859,-2.253043
53.474859,-2.253043
53.48301,-2.224541
53.482589,-2.223962
53.478833,-2.241725
53.473705,-2.25416
53.474286,-2.253152
53.474286,-2.253152
53.474286,-2.253152
53.473916,-2.253323
53.473916,-2.253323
53.473916,-2.253323
53.473629,-2.254557
53.473629,-2.254557
53.473629,-2.254557
53.473712,-2.25636
53.473712,-2.25636
53.473712,-2.25636
53.473712,-2.25636
53.473712,-2.25636
53.473712,-2.25636
53.474676,-2.256692
53.478194,-2.248731
53.474676,-2.256692
53.473629,-2.254557
53.473533,-2.255533
53.474813,-2.249748
53.482193,-2.222331
53.482589,-2.223361
53.474267,-2.249397
53.472182,-2.289276
53.469139,-2.29537
53.469708,-2.296915
53.470008,-2.297687
53.472182,-2.289276
53.472182,-2.289276
53.482742,-2.222889
53.482589,-2.223962
53.48341,-2.229924
53.482038,-2.221008
53.479388,-2.230321
53.479177,-2.230921
53.479177,-2.230921
53.478239,-2.23488
53.478239,-2.23488
53.476847,-2.237391
53.476119,-2.238453
53.476119,-2.238453
53.481249,-2.234408
53.477126,-2.236051
53.477126,-2.236051
53.477126,-2.236051
53.477126,-2.236051
53.477126,-2.236051
53.477126,-2.236051
53.477126,-2.236051
53.477126,-2.236051
53.477236,-2.236618
53.483042,-2.227481
53.483042,-2.227481
53.483129,-2.188918
53.474612,-2.253205
53.483866,-2.223662
53.483212,-2.223962
53.482563,-2.228425
53.483934,-2.226608
53.483212,-2.223962
53.483212,-2.223962
53.48361,-2.224284
53.48361,-2.224284
53.474676,-2.256875
53.473916,-2.25357
53.47488,-2.256188
53.474594,-2.251124
53.475258,-2.2546
53.482702,-2.224541
53.482193,-2.222331
53.475286,-2.255136
53.48361,-2.224284
53.48324,-2.224627
53.471764,-2.299425
53.471016,-2.296936
53.470277,-2.292223
53.470193,-2.298288
53.474657,-2.243378
53.474625,-2.251875
53.474523,-2.252733
53.474465,-2.24562
53.479771,-2.232091
53.478473,-2.234408
53.479858,-2.231234
53.474461,-2.252998
53.473469,-2.291411
53.474625,-2.25738
53.48324,-2.224627
53.482634,-2.223082
53.483738,-2.225335
53.474483,-2.257348
53.474497,-2.253184
53.474511,-2.253078
53.474675,-2.2537
53.483212,-2.223962
53.482634,-2.223082
53.474183,-2.241564
53.474746,-2.257068
53.479661,-2.22746
53.474637,-2.251145
53.478583,-2.235556
53.483455,-2.224327
53.48114,-2.220872
53.466891,-2.27225
53.486107,-2.211538
53.484408,-2.215422
53.4828,-2.227846
53.4828,-2.227846
53.483042,-2.227481
53.479812,-2.23158
53.474122,-2.256656
53.473563,-2.253242
53.473539,-2.256467
53.445969,-2.307171
53.445969,-2.307171
53.445969,-2.307171
53.470666,-2.294637
53.470266,-2.295714
53.470266,-2.295714
53.470266,-2.295714
53.470266,-2.295714
53.470266,-2.295714
53.471336,-2.295075
53.471336,-2.295075
53.471336,-2.295075
53.471336,-2.295075
53.470666,-2.294637
53.470666,-2.294637
53.47699,-2.237026
53.480391,-2.230162
53.482634,-2.223082
53.480144,-2.222972
53.480067,-2.223315
53.48096,-2.221351
53.470688,-2.295912
53.470688,-2.295912
53.470688,-2.295912
53.470688,-2.295912
53.470688,-2.295912
53.470688,-2.295912
53.470688,-2.295912
53.470688,-2.295912
53.470688,-2.295912
53.470688,-2.295912
53.470688,-2.295912
53.470688,-2.295912
53.470688,-2.295912
53.470688,-2.295912
53.470688,-2.295912
53.470688,-2.295912
53.470688,-2.295912
53.470688,-2.295912
53.469802,-2.29875
53.469802,-2.29875
53.469802,-2.29875
53.469802,-2.29875
53.469802,-2.29875
53.469466,-2.295864
53.472816,-2.289567
53.475072,-2.256789
53.474594,-2.25645
53.475758,-2.22797
53.48251,-2.241021
53.474925,-2.25696
53.474082,-2.254192
53.484266,-2.212725
53.472805,-2.293792
53.472816,-2.289567
53.477213,-2.313323
53.485594,-2.222114
53.475583,-2.258159
53.480544,-2.22177
53.474394,-2.25687
53.474394,-2.25687
53.471863,-2.295339
53.472141,-2.289106
53.474469,-2.252512
53.474516,-2.252787
53.474523,-2.25519
53.474529,-2.24974
53.477792,-2.235846
53.477907,-2.235631
53.47806,-2.235395
53.475046,-2.25696
53.475825,-2.256735
53.479592,-2.170754
53.474542,-2.25386
53.47525,-2.234237
53.475257,-2.234269
53.470044,-2.29775
53.475129,-2.257111
53.467536,-2.292709
53.474561,-2.250409
53.481035,-2.22119
53.481763,-2.221566
53.483436,-2.226748
53.474548,-2.248206
53.483455,-2.224327
53.474722,-2.256945
53.474594,-2.256789
53.477327,-2.236307
53.474767,-2.257057
53.479726,-2.231726
53.478124,-2.234998
53.476422,-2.256275
53.476422,-2.256275
53.476441,-2.256325
53.476422,-2.256275
53.476422,-2.256275
53.470027,-2.293803
53.472109,-2.296936
53.474637,-2.255265
53.472652,-2.294881
53.472652,-2.294881
53.472652,-2.294881
53.472652,-2.294881
53.479585,-2.2262
53.469388,-2.295885
53.470346,-2.29273
53.473686,-2.256102
53.473916,-2.25357
53.474536,-2.255753
53.473888,-2.253184
53.474513,-2.255903
53.4755,-2.256939
53.482702,-2.224541
53.482702,-2.228318
53.464538,-2.287087
53.464538,-2.287087
53.464538,-2.287087
53.464538,-2.287087
53.464538,-2.287087
53.464538,-2.287087
53.464538,-2.287087
53.464538,-2.287087
53.464538,-2.287087
53.464538,-2.287087
53.464538,-2.287087
53.464538,-2.287087
53.464538,-2.287087
53.464538,-2.287087
53.464538,-2.287087
53.464538,-2.287087
53.464538,-2.287087
53.4773,-2.259203
53.474567,-2.236586
53.483455,-2.224327
53.47387,-2.255105
53.482252,-2.222317
53.482434,-2.228361
53.475148,-2.25652
53.453591,-2.305316
53.47631,-2.242562
53.470269,-2.298941
53.482057,-2.23796
53.477126,-2.236051
53.477126,-2.236051
53.477126,-2.236051
53.477126,-2.236051
53.477126,-2.236051
53.477126,-2.236051
53.477126,-2.236051
53.477126,-2.236051
53.479088,-2.238979
53.473716,-2.256622
53.483455,-2.224327
53.474976,-2.256553
53.481694,-2.229344
53.483455,-2.224327
53.481463,-2.233382
53.480499,-2.232509
53.483455,-2.224327
53.475946,-2.256875
53.476049,-2.2306
53.478328,-2.23502
53.483455,-2.224327
53.477147,-2.2367
53.48094,-2.22143
53.440652,-2.307434
53.47465,-2.249944
53.480933,-2.233635
53.480908,-2.233903
53.479005,-2.233077
53.479797,-2.231596
53.48025,-2.230577
53.474675,-2.251273
53.483455,-2.224327
53.47458,-2.257711
53.47458,-2.257711
53.47458,-2.257711
53.474606,-2.256692
53.474606,-2.256692
53.474606,-2.256692
53.474606,-2.256692
53.474606,-2.256692
53.474606,-2.256692
53.456396,-2.307751
53.474606,-2.256016
53.471674,-2.264385
53.484259,-2.225021
53.474286,-2.253152
53.473629,-2.254557
53.474676,-2.256692
53.475551,-2.256778
53.476176,-2.256628
53.476176,-2.256628
53.478194,-2.248731
53.473705,-2.25416
53.474286,-2.253152
53.477147,-2.254407
53.477147,-2.254407
53.469631,-2.296679
53.478239,-2.23488
53.477126,-2.236051
53.477126,-2.236051
53.477126,-2.236051
53.477126,-2.236051
53.472645,-2.265189
53.479631,-2.221781
53.479631,-2.221781
53.474747,-2.250909
53.471016,-2.296936
53.474523,-2.255705
53.485334,-2.205272
53.485334,-2.205272
53.479797,-2.232112
53.474363,-2.256757
53.483598,-2.226537
53.473591,-2.2543
53.476205,-2.238503
53.473686,-2.260231
53.478034,-2.249761
53.482657,-2.218401
53.475341,-2.25095
53.445969,-2.307171
53.477611,-2.239089
53.470266,-2.295714
53.470266,-2.295714
53.471336,-2.295075
53.471336,-2.295075
53.470688,-2.295912
53.470688,-2.295912
53.470688,-2.295912
53.470688,-2.295912
53.470688,-2.295912
53.470688,-2.295912
53.470688,-2.295912
53.470688,-2.295912
53.470688,-2.295912
53.469802,-2.29875
53.469802,-2.29875
53.469802,-2.29875
53.469802,-2.29875
53.469466,-2.295864
53.469466,-2.295864
53.470277,-2.295278
53.470313,-2.295189
53.470313,-2.295189
53.474369,-2.258303
53.47003,-2.294726
53.473929,-2.253184
53.474548,-2.255973
53.474542,-2.248882
53.470065,-2.292602
53.47087,-2.289168
53.473719,-2.305114
53.473719,-2.305114
53.473575,-2.304653
53.474538,-2.256775
53.482721,-2.224913
53.474522,-2.255798
53.47068,-2.295478
53.474574,-2.251768
53.469702,-2.297194
53.474519,-2.257642
53.474561,-2.243506
53.475512,-2.256928
53.474893,-2.235192
53.474606,-2.256692
53.474606,-2.256692
53.474606,-2.256692
53.474606,-2.25637
53.474606,-2.25637
53.474606,-2.25637
53.483455,-2.224327
53.474309,-2.251671
53.474207,-2.253216
53.474181,-2.248131
53.4783,-2.244011
53.474022,-2.248195
53.476914,-2.244633
53.473699,-2.240288
53.476914,-2.244633
53.475641,-2.248163
53.471978,-2.241371
53.480008,-2.244944
53.479047,-2.245545
53.478306,-2.24327
53.474893,-2.235192
53.474663,-2.256821
53.474663,-2.256821
53.474663,-2.256821
53.474663,-2.256821
53.474663,-2.256821
53.473961,-2.25798
53.473993,-2.257272
53.474401,-2.257357
53.474401,-2.257357
53.474401,-2.257357
53.474401,-2.257357
53.474401,-2.257357
53.480913,-2.221367
53.48328,-2.2172
53.485747,-2.197542
53.474401,-2.257357
53.474401,-2.257357
53.475206,-2.258076
53.475206,-2.258076
53.474478,-2.256907
53.474478,-2.256907
53.474478,-2.256907
53.474478,-2.256907
53.474478,-2.256907
53.474478,-2.256907
53.474478,-2.256907
53.475659,-2.256735
53.474803,-2.258173
53.474586,-2.256789
53.475295,-2.257615
53.474178,-2.251532
53.475225,-2.241661
53.470103,-2.294865
53.488275,-2.215955
53.479361,-2.230031
53.474583,-2.255662
53.482019,-2.229323
53.47495,-2.256939
53.480142,-2.248837
53.476081,-2.249214
53.471789,-2.29375
53.475027,-2.256939
53.476745,-2.254332
53.476955,-2.254643
53.471406,-2.263977
53.471611,-2.300047
53.472888,-2.263183
53.474893,-2.257282
53.472556,-2.240438
53.475359,-2.241168
53.474588,-2.255999
53.471789,-2.29375
53.469656,-2.295616
53.473514,-2.301034
53.473284,-2.300477
53.474927,-2.257063
53.474606,-2.257422
53.474471,-2.256896
53.474566,-2.251353
53.474561,-2.256875
53.483627,-2.225997
53.474548,-2.253152
53.483627,-2.225997
53.475102,-2.24178
53.474491,-2.257825
53.475736,-2.256938
53.47493,-2.257072
53.4745,-2.2584
53.470276,-2.295091
53.474529,-2.255448
53.474669,-2.255673
53.474548,-2.254933
53.473692,-2.256402
53.46995,-2.299125
53.485702,-2.235192
53.474188,-2.259491
53.474548,-2.248206
53.474548,-2.248206
53.47443,-2.259908
53.469324,-2.296271
53.481298,-2.219066
53.478162,-2.235127
53.478162,-2.235127
53.48011,-2.231236
53.482363,-2.228465
53.478916,-2.257175
53.479931,-2.230417
53.486277,-2.206878
53.480634,-2.179327
53.460076,-2.228647
53.471406,-2.263977
53.471406,-2.263977
53.471406,-2.263977
53.471406,-2.263977
53.471406,-2.263977
53.471406,-2.263977
53.471406,-2.263977
53.471406,-2.263977
53.471406,-2.263977
53.471406,-2.263977
53.471406,-2.263977
53.471406,-2.263977
53.471406,-2.263977
53.471406,-2.263977
53.471406,-2.263977
53.471406,-2.263977
53.471406,-2.263977
53.475077,-2.241759
53.474536,-2.24602
53.473786,-2.254256
53.473863,-2.254662
53.473975,-2.255812
53.473622,-2.260503
53.473336,-2.262095
53.473086,-2.261981
53.47363,-2.260978
53.474366,-2.258453
53.474577,-2.257495
53.474638,-2.256684
53.474477,-2.251873
53.474427,-2.247895
53.474695,-2.255076
53.470592,-2.297907
53.470592,-2.297907
53.470592,-2.297907
53.470592,-2.297907
53.470592,-2.297907
53.470592,-2.297907
53.470592,-2.297907
53.470592,-2.297907
53.470592,-2.297907
53.473852,-2.26019
53.474612,-2.253347
53.477779,-2.255265
53.482344,-2.222567
53.474554,-2.25224
53.474644,-2.255437
53.472007,-2.295305
53.471368,-2.30009
53.482727,-2.223469
53.482727,-2.223469
53.474542,-2.255909
53.472102,-2.289083
53.472102,-2.289083
53.472102,-2.289083
53.479733,-2.172009
53.472102,-2.289083
53.475429,-2.238957
53.474861,-2.255355
53.474969,-2.257218
53.474855,-2.257411
53.474778,-2.257121
53.474982,-2.256993
53.475065,-2.257422
53.475998,-2.256799
53.474612,-2.254965
53.474612,-2.255523
53.485345,-2.214242
53.485345,-2.214242
53.474044,-2.256553
53.473792,-2.255619
53.473575,-2.255104
53.473747,-2.25401
53.474188,-2.253602
53.474118,-2.25328
53.474035,-2.253162
53.473792,-2.255619
53.474477,-2.257928
53.480212,-2.230871
53.480212,-2.230871
53.47442,-2.248886
53.47508,-2.257443
53.471828,-2.265093
53.480442,-2.222589
53.473781,-2.261698
53.445592,-2.305272
53.44595,-2.304596
53.447873,-2.303266
53.451496,-2.301549
53.45395,-2.305766
53.454205,-2.305347
53.456294,-2.308909
53.456582,-2.309156
53.45669,-2.308309
53.456556,-2.308502
53.456377,-2.308309
53.460018,-2.306967
53.460184,-2.306839
53.46456,-2.291271
53.46456,-2.291271
53.464298,-2.289029
53.464253,-2.286196
53.464202,-2.287645
53.46417,-2.283654
53.479394,-2.226166
53.479733,-2.172009
53.474477,-2.257928
53.486373,-2.208606
53.486526,-2.207522
53.485492,-2.204947
53.485492,-2.204947
53.485581,-2.20293
53.474439,-2.248517
53.474516,-2.250952
53.47738,-2.230912
53.462752,-2.289962
53.484521,-2.243732
53.481987,-2.220143
53.474845,-2.256268
53.475445,-2.256912
53.475445,-2.256912
53.475931,-2.256762
53.473644,-2.255303
53.473644,-2.255303
53.473644,-2.255303
53.473823,-2.248823
53.48214,-2.21907
53.485289,-2.223274
53.482165,-2.219499
53.485736,-2.19222
53.470615,-2.294866
53.470603,-2.298761
53.476574,-2.237552
53.474599,-2.250952
53.475967,-2.238904
53.47462,-2.253817
53.474511,-2.250555
53.474594,-2.256789
53.474939,-2.257229
53.477404,-2.255169
53.473807,-2.254257
53.474644,-2.258237
53.47903,-2.246403
53.476855,-2.237367
53.477447,-2.236844
53.479471,-2.237219
53.476489,-2.23796
53.476489,-2.23796
53.473785,-2.254418
53.484831,-2.239354
53.485045,-2.229559
53.484847,-2.225997
53.477309,-2.254736
53.477309,-2.254736
53.47177,-2.293653
53.47186,-2.295445
53.475171,-2.241543
53.477374,-2.237638
53.474855,-2.257261
53.470295,-2.295112
53.477077,-2.237109
53.477077,-2.237109
53.474408,-2.245242
53.474408,-2.245242
53.474408,-2.245242
53.474408,-2.245242
53.474408,-2.245242
53.474408,-2.245242
53.474408,-2.245242
53.474408,-2.245242
53.474408,-2.245242
53.474408,-2.245242
53.485783,-2.212659
53.485972,-2.21227
53.47903,-2.260158
53.474727,-2.251124
53.470833,-2.299723
53.47642,-2.256338
53.475768,-2.255909
53.475768,-2.255909
53.47642,-2.256338
53.47642,-2.256338
53.475398,-2.256917
53.475398,-2.256917
53.474938,-2.256703
53.474223,-2.257068
53.474382,-2.256864
53.474561,-2.255705
53.474561,-2.255705
53.474606,-2.250223
53.476144,-2.238389
53.478066,-2.235267
53.478775,-2.233872
53.479056,-2.233035
53.48041,-2.230267
53.482443,-2.228411
53.473807,-2.239086
53.476758,-2.253958
53.477792,-2.255319
53.477792,-2.255319
53.469605,-2.296679
53.469874,-2.297376
53.477511,-2.257926
53.477511,-2.257926
53.477511,-2.257926
53.477511,-2.257926
53.477511,-2.257926
53.477511,-2.257926
53.477511,-2.257926
53.482849,-2.219603
53.482849,-2.219603
53.481763,-2.230031
53.483972,-2.225461
53.474491,-2.250845
53.483678,-2.226576
53.486321,-2.227081
53.48507,-2.191364
53.474625,-2.252132
53.47882,-2.254503
53.483017,-2.227694
53.474647,-2.253731
53.484683,-2.246511
53.474459,-2.245641
53.474459,-2.245641
53.481267,-2.22984
53.462708,-2.30392
53.462708,-2.30392
53.474095,-2.253752
53.474861,-2.242584
53.474944,-2.255415
53.473993,-2.253323
53.48433,-2.228357
53.48433,-2.228357
53.4583,-2.316656
53.482721,-2.234988
53.476928,-2.237192
53.488382,-2.199756
53.474537,-2.248379
53.474537,-2.248379
53.474497,-2.255844
53.475002,-2.256488
53.481481,-2.23338
53.481481,-2.23338
53.483502,-2.226814
53.485504,-2.233507
53.485504,-2.233507
53.485504,-2.233507
53.478277,-2.259471
53.465735,-2.277055
53.465735,-2.277055
53.465735,-2.277055
53.465735,-2.277055
53.465735,-2.277055
53.465735,-2.277055
53.465735,-2.277055
53.465735,-2.277055
53.465735,-2.277055
53.469471,-2.27226
53.469471,-2.27226
53.469471,-2.27226
53.478654,-2.257293
53.477753,-2.255072
53.477753,-2.255072
53.477753,-2.255072
53.477753,-2.255072
53.477753,-2.255072
53.477805,-2.254428
53.477805,-2.254428
53.477805,-2.254428
53.477805,-2.254428
53.482059,-2.229003
53.479837,-2.223617
53.482576,-2.265154
53.474637,-2.256488
53.474612,-2.252207
53.482976,-2.223883
53.477173,-2.257218
53.479822,-2.172192
53.479822,-2.172192
53.475313,-2.238148
53.477556,-2.258023
53.48497,-2.223724
53.48497,-2.223724
53.485519,-2.204412
53.47478,-2.255889
53.47478,-2.255889
53.482759,-2.222998
53.500102,-2.191123
53.500734,-2.188194
53.499336,-2.192786
53.483183,-2.227243
53.484383,-2.225119
53.485545,-2.213446
53.48082,-2.221557
53.479056,-2.257497
53.474593,-2.255823
53.481928,-2.228841
53.481928,-2.228841
53.474542,-2.255791
53.470218,-2.299661
53.471789,-2.295734
53.475557,-2.238153
53.475557,-2.238153
53.475244,-2.239011
53.47186,-2.295498
53.489137,-2.213337
53.489137,-2.213337
53.483717,-2.217886
53.474625,-2.257432
53.472568,-2.243549
53.471202,-2.245652
53.473335,-2.256113
53.476821,-2.25533
53.475244,-2.256907
53.485547,-2.203837
53.485563,-2.205659
53.485602,-2.203331
53.485644,-2.202931
53.485597,-2.201264
53.485836,-2.201364
53.485716,-2.199762
53.485861,-2.199064
53.48583,-2.198153
53.480603,-2.230011
53.474554,-2.25755
53.477813,-2.23955
53.473602,-2.240303
53.484719,-2.240056
53.480575,-2.23282
53.480202,-2.232987
53.480563,-2.232792
53.480827,-2.233787
53.48095,-2.233337
53.481022,-2.233825
53.479283,-2.228739
53.481563,-2.229681
53.476493,-2.256628
53.474652,-2.256855
53.473941,-2.256542
53.474427,-2.256242
53.471225,-2.296464
53.471072,-2.296253
53.471072,-2.296253
53.477575,-2.230948
53.4776,-2.230889
53.477369,-2.231001
53.472708,-2.291345
53.472708,-2.291317
53.472708,-2.291317
53.471119,-2.296614
53.471683,-2.300112
53.472194,-2.290042
53.473795,-2.25386
53.473795,-2.25386
53.474861,-2.256864
53.475167,-2.256799
53.474516,-2.255684
53.474516,-2.255684
53.474637,-2.25284
53.474497,-2.248892
53.474395,-2.247111
53.470563,-2.299897
53.47879,-2.233938
53.474497,-2.256188
53.4583,-2.316656
53.479784,-2.262089
53.465735,-2.277055
53.465735,-2.277055
53.465735,-2.277055
53.469471,-2.27226
53.47002,-2.272871
53.470423,-2.272067
53.473699,-2.253967
53.477753,-2.255072
53.478207,-2.248731
53.477735,-2.259063
53.478277,-2.249665
53.474612,-2.249171
53.475557,-2.238153
53.472568,-2.243549
53.473182,-2.255265
53.485644,-2.20572
53.485555,-2.200978
53.476287,-2.23838
53.47736,-2.236341
53.480616,-2.232789
53.480325,-2.232353
53.474216,-2.253119
53.472194,-2.290042
53.471225,-2.296464
53.471072,-2.296253
53.474385,-2.245255
53.474758,-2.253662
53.4746,-2.252953
53.474238,-2.252828
53.474586,-2.249331
53.474513,-2.244195
53.474337,-2.244139
53.474598,-2.253346
53.474625,-2.25784
53.474046,-2.257991
53.474046,-2.257991
53.473842,-2.260223
53.476016,-2.256852
53.474484,-2.257668
53.479808,-2.231309
53.456479,-2.308641
53.481634,-2.229163
53.480191,-2.230558
53.474752,-2.257422
53.481003,-2.23002
53.479618,-2.231805
53.469752,-2.275317
53.47451,-2.256683
53.483027,-2.249085
53.474602,-2.253292
53.485045,-2.229559
53.473897,-2.255952
53.483655,-2.262369
53.483655,-2.262369
53.483655,-2.262369
53.482477,-2.223005
53.48203,-2.222103
53.470493,-2.300047
53.483021,-2.224233
53.475595,-2.256596
53.482515,-2.223327
53.477983,-2.231705
53.477983,-2.231705
53.477983,-2.231705
53.477983,-2.231705
53.477983,-2.231705
53.477983,-2.231705
53.477983,-2.231705
53.477983,-2.231705
53.477983,-2.231705
53.477983,-2.231705
53.477983,-2.231705
53.477983,-2.231705
53.477983,-2.231705
53.477983,-2.231705
53.477983,-2.231705
53.477983,-2.231705
53.477983,-2.231705
53.477983,-2.231705
53.477983,-2.231705
53.477983,-2.231705
53.477983,-2.231705
53.477983,-2.231705
53.477983,-2.231705
53.477983,-2.231705
53.477983,-2.231705
53.477983,-2.231705
53.477983,-2.231705
53.477983,-2.231705
53.477983,-2.231705
53.477983,-2.231705
53.477983,-2.231705
53.477983,-2.231705
53.477983,-2.231705
53.477983,-2.231705
53.477983,-2.231705
53.477983,-2.231705
53.477983,-2.231705
53.477983,-2.231705
53.477983,-2.231705
53.477983,-2.231705
53.477983,-2.231705
53.477983,-2.231705
53.477983,-2.231705
53.477983,-2.231705
53.477983,-2.231705
53.477983,-2.231705
53.477983,-2.231705
53.477983,-2.231705
53.477983,-2.231705
53.481166,-2.254167
53.47601,-2.23841
53.483792,-2.225837
53.475953,-2.238539
53.474471,-2.245051
53.474446,-2.245438
53.476157,-2.238335
53.477,-2.236576
53.477511,-2.236039
53.48128,-2.229561
53.474503,-2.249729
53.474599,-2.254643
53.474318,-2.246618
53.474503,-2.249729
53.479812,-2.231213
53.475052,-2.256737
53.464189,-2.290256
53.478744,-2.257186
53.483385,-2.224549
53.478718,-2.233647
53.476196,-2.235889
53.476196,-2.235889
53.475953,-2.237058
53.475429,-2.238893
53.473769,-2.240288
53.479861,-2.232499
53.483385,-2.224549
53.483385,-2.224549
53.483232,-2.224023
53.483085,-2.227821
53.483085,-2.227821
53.483085,-2.227821
53.483085,-2.227821
53.483085,-2.227821
53.483085,-2.227821
53.483385,-2.224549
53.483385,-2.224549
53.481974,-2.236919
53.482772,-2.236543
53.476623,-2.231791
53.475198,-2.241308
53.471106,-2.299371
53.464189,-2.290256
53.464011,-2.285742
53.469733,-2.298438
53.474844,-2.256276
53.476754,-2.255025
53.483575,-2.22603
53.48346,-2.226245
53.475581,-2.23987
53.478495,-2.241856
53.478495,-2.241856
53.483525,-2.224416
53.469458,-2.296174
53.480515,-2.232761
53.474576,-2.245547
53.474614,-2.250782
53.480012,-2.231008
53.474508,-2.255942
53.47285,-2.244011
53.475313,-2.241029
53.481928,-2.228841
53.47447,-2.254269
53.474649,-2.25562
53.484349,-2.224988
53.483666,-2.224903
53.483538,-2.22457
53.483104,-2.22442
53.483257,-2.223894
53.482561,-2.222596
53.482089,-2.221877
53.48198,-2.222574
53.482861,-2.227681
53.481904,-2.229366
53.481757,-2.229934
53.48327,-2.223744
53.483117,-2.224205
53.479974,-2.230923
53.481787,-2.229056
53.469708,-2.295627
53.471432,-2.30009
53.476462,-2.24678
53.476488,-2.246844
53.474598,-2.253346
53.48203,-2.22897
53.484162,-2.225344
53.474535,-2.253269
53.470059,-2.297966
53.474534,-2.251822
53.480282,-2.173619
53.47472,-2.258205
53.480996,-2.229657
53.480487,-2.221491
53.480307,-2.222703
53.474484,-2.250802
53.477416,-2.237756
53.477416,-2.237756
53.477416,-2.237756
53.477416,-2.237756
53.477416,-2.237756
53.477416,-2.237756
53.476166,-2.237667
53.470321,-2.297215
53.470321,-2.297215
53.488463,-2.298298
53.472333,-2.297834
53.4697,-2.299
53.479412,-2.224721
53.476617,-2.253828
53.476117,-2.238132
53.479923,-2.231159
53.470941,-2.302357
53.479923,-2.231051
53.479948,-2.23103
53.474587,-2.229023
53.469478,-2.299575
53.469375,-2.299661
53.478379,-2.234215
53.474803,-2.256091
53.475557,-2.255684
53.465403,-2.284104
53.483215,-2.24915
53.47852,-2.249493
53.484368,-2.243013
53.479644,-2.23189
53.472543,-2.26491
53.471406,-2.265619
53.475289,-2.255812
53.475174,-2.254654
53.482592,-2.228047
53.482604,-2.228112
53.483597,-2.224723
53.475969,-2.238721
53.475608,-2.242112
53.458849,-2.317106
53.474623,-2.254419
53.474636,-2.256543
53.475006,-2.242338
53.474815,-2.242338
53.46453,-2.286498
53.46453,-2.286498
53.481169,-2.220835
53.46453,-2.286498
53.46453,-2.286498
53.46453,-2.286498
53.46453,-2.286498
53.484215,-2.243227
53.481107,-2.220889
53.47518,-2.255531
53.47518,-2.255531
53.465518,-2.267872
53.481681,-2.236816
53.501448,-2.236018
53.471483,-2.300155
53.471483,-2.300155
53.475784,-2.256716
53.471993,-2.297301
53.471993,-2.297301
53.474447,-2.258864
53.472147,-2.300927
53.472147,-2.300927
53.474444,-2.259167
53.470059,-2.297966
53.472083,-2.296764
53.470059,-2.297966
53.470059,-2.297966
53.470273,-2.300569
53.474635,-2.256692
53.474637,-2.257003
53.474395,-2.252626
53.474599,-2.254343
53.474114,-2.254385
53.45133,-2.301142
53.471847,-2.295627
53.471847,-2.295627
53.471847,-2.295627
53.471847,-2.295627
53.471847,-2.295627
53.471847,-2.295627
53.474676,-2.256875
53.471393,-2.30009
53.470941,-2.302357
53.471483,-2.300155
53.471483,-2.300155
53.471483,-2.300155
53.47432,-2.248077
53.48304,-2.188704
53.474637,-2.257068
53.500619,-2.22383
53.471483,-2.300155
53.484253,-2.225632
53.474954,-2.255609
53.474459,-2.250051
53.478149,-2.23473
53.479733,-2.172009
53.479522,-2.170025
53.482405,-2.21853
53.475156,-2.256844
53.475883,-2.256746
53.475978,-2.25666
53.475966,-2.256681
53.475915,-2.256724
53.478807,-2.241683
53.474097,-2.237375
53.483142,-2.224516
53.476666,-2.229501
53.465666,-2.279167
53.471833,-2.295834
53.483072,-2.224119
53.483014,-2.224109
53.483219,-2.224581
53.483193,-2.224538
53.479758,-2.247401
53.479758,-2.247401
53.479758,-2.247401
53.474032,-2.256338
53.497441,-2.287902
53.473999,-2.256317
53.473871,-2.25357
53.473682,-2.254514
53.474612,-2.252926
53.474523,-2.249987
53.474545,-2.25424
53.471973,-2.294786
53.47067,-2.291258
53.46453,-2.286498
53.46453,-2.286498
53.46453,-2.286498
53.46453,-2.286498
53.471042,-2.288235
53.46453,-2.286498
53.46453,-2.286498
53.46453,-2.286498
53.464433,-2.286869
53.46453,-2.286498
53.46453,-2.286498
53.477882,-2.249
53.476956,-2.249129
53.482478,-2.228357
53.482376,-2.228379
53.482402,-2.228357
53.474995,-2.258334
53.479337,-2.232055
53.474395,-2.24738
53.481149,-2.229635
53.478902,-2.233246
53.474746,-2.243097
53.471521,-2.300348
53.480103,-2.223143
53.48009,-2.223122
53.473922,-2.25357
53.47359,-2.255802
53.473817,-2.254257
53.470346,-2.299618
53.470998,-2.300401
53.473667,-2.254514
53.473769,-2.253956
53.473539,-2.255458
53.474519,-2.254201
53.483436,-2.225141
53.474432,-2.245578
53.474637,-2.253398
53.485645,-2.197179
53.485364,-2.205119
53.47474,-2.254686
53.474637,-2.253398
53.483934,-2.225418
53.474267,-2.258634
53.474701,-2.257153
53.457182,-2.314295
53.457099,-2.314059
53.451969,-2.30215
53.450301,-2.300949
53.473316,-2.26255
53.475959,-2.256574
53.474318,-2.245706
53.474918,-2.242112
53.474166,-2.2535
53.477856,-2.23576
53.476112,-2.238346
53.470059,-2.297966
53.474206,-2.237289
53.478188,-2.234805
53.474669,-2.248409
53.474669,-2.248409
53.474669,-2.248409
53.474574,-2.244418
53.474669,-2.248409
53.474957,-2.25328
53.474957,-2.25328
53.482469,-2.2284
53.474669,-2.248409
53.474574,-2.244418
53.478236,-2.234677
53.482833,-2.217667
53.474142,-2.23735
53.473718,-2.239086
53.474833,-2.255334
53.454847,-2.232514
53.474593,-2.254418
53.47437,-2.246286
53.47437,-2.246286
53.4832,-2.217264
53.473257,-2.244363
53.474969,-2.238217
53.474305,-2.245824
53.478283,-2.230217
53.474567,-2.232386
53.47441,-2.243882
53.482718,-2.227917
53.445675,-2.305181
53.483985,-2.225418
53.475174,-2.234451
53.479602,-2.224323
53.505781,-2.254192
53.479516,-2.23178
53.488987,-2.214753
53.479139,-2.232381
53.473881,-2.25372
53.474542,-2.255952
53.474542,-2.255952
53.474558,-2.255941
53.474554,-2.255941
53.474248,-2.247712
53.472115,-2.297601
53.470174,-2.29861
53.470998,-2.297322
53.474855,-2.257014
53.457291,-2.313137
53.475311,-2.256887
53.477326,-2.247197
53.478188,-2.235181
53.474088,-2.254064
53.474612,-2.251896
53.474382,-2.248156
53.470697,-2.295498
53.471943,-2.297279
53.472766,-2.290134
53.470665,-2.297666
53.483761,-2.225739
53.503425,-2.253659
53.483915,-2.224988
53.472147,-2.300927
53.483777,-2.225739
53.482529,-2.228186
53.482465,-2.228454
53.47451,-2.256735
53.471007,-2.301013
53.474612,-2.241103
53.471355,-2.296013
53.477702,-2.235975
53.477702,-2.235975
53.479184,-2.224291
53.479129,-2.224012
53.467439,-2.285808
53.475618,-2.228121
53.475187,-2.234312
53.471726,-2.299811
53.474542,-2.25533
53.48575,-2.245212
53.484955,-2.24591
53.470188,-2.284156
53.472102,-2.289083
53.473999,-2.259364
53.47465,-2.257196
53.471483,-2.300155
53.471483,-2.300155
53.474538,-2.254933
53.470359,-2.295906
53.470359,-2.295906
53.477287,-2.231125
53.477287,-2.231125
53.472147,-2.300927
53.472147,-2.300927
53.481667,-2.221833
53.473194,-2.293267
53.471298,-2.288686
53.47078,-2.289319
53.471042,-2.288235
53.470697,-2.289651
53.474797,-2.253597
53.474797,-2.253597
53.480285,-2.222414
53.465671,-2.285499
53.483366,-2.234044
53.484062,-2.223207
53.474969,-2.254943
53.4739,-2.253588
53.482328,-2.228325
53.474816,-2.25622
53.474483,-2.249109
53.474631,-2.253484
53.474682,-2.251832
53.474491,-2.248388
53.474385,-2.245255
53.473855,-2.25357
53.474494,-2.255952
53.475391,-2.25578
53.471036,-2.300628
53.470702,-2.30022
53.470397,-2.29522
53.473766,-2.253924
53.478871,-2.233486
53.479235,-2.232391
53.474484,-2.256424
53.47792,-2.231715
53.47792,-2.231715
53.474529,-2.257969
53.490787,-2.244139
53.470972,-2.297859
53.471087,-2.297344
53.471317,-2.299211
53.470525,-2.298331
53.450736,-2.300916
53.474657,-2.251784
53.474637,-2.253527
53.474637,-2.253527
53.474637,-2.253527
53.469088,-2.293546
53.468941,-2.287559
53.474618,-2.256782
53.481974,-2.263215
53.481974,-2.263215
53.481974,-2.263215
53.481974,-2.263215
53.481974,-2.263215
53.481974,-2.263215
53.481974,-2.263215
53.481974,-2.263215
53.481974,-2.263215
53.481974,-2.263215
53.481974,-2.263215
53.481974,-2.263215
53.481974,-2.263215
53.481974,-2.263215
53.481974,-2.263215
53.481974,-2.263215
53.481974,-2.263215
53.481974,-2.263215
53.481974,-2.263215
53.481974,-2.263215
53.481974,-2.263215
53.481974,-2.263215
53.481974,-2.263215
53.481974,-2.263215
53.481974,-2.263215
53.474395,-2.255598
53.474401,-2.244182
53.488434,-2.215794
53.474478,-2.24386
53.474644,-2.256993
53.476074,-2.238432
53.478928,-2.233105
53.474599,-2.251263
53.478191,-2.2348
53.502112,-2.179187
53.498206,-2.195023
53.475487,-2.256081
53.47442,-2.244386
53.47442,-2.244386
53.477201,-2.255319
53.473322,-2.264535
53.470493,-2.301528
53.474689,-2.255973
53.474689,-2.255973
53.474689,-2.255973
53.474861,-2.245513
53.471007,-2.301013
53.470469,-2.299697
53.471007,-2.301013
53.471007,-2.301013
53.471007,-2.301013
53.471007,-2.301013
53.472441,-2.301077
53.472441,-2.301077
53.470493,-2.300047
53.470493,-2.300047
53.456716,-2.310304
53.476898,-2.236973
53.491812,-2.243832
53.483781,-2.247862
53.481447,-2.253006
53.474107,-2.288121
53.469926,-2.29822
53.470617,-2.299936
53.481259,-2.232509
53.47216,-2.235116
53.474778,-2.236254
53.480129,-2.222489
53.480129,-2.222489
53.480129,-2.222489
53.480129,-2.222489
53.482561,-2.228347
53.482561,-2.228347
53.483543,-2.226121
53.474778,-2.236254
53.475793,-2.23237
53.483295,-2.246146
53.4545,-2.2835
53.4545,-2.2835
53.4545,-2.2835
53.4545,-2.2835
53.4545,-2.2835
53.4545,-2.2835
53.4545,-2.2835
53.4545,-2.2835
53.4545,-2.2835
53.4545,-2.2835
53.480269,-2.230364
53.480269,-2.230364
53.479672,-2.229462
53.479672,-2.229462
53.483956,-2.230305
53.473756,-2.253602
53.483302,-2.251349
53.451372,-2.301394
53.451372,-2.301394
53.451372,-2.301394
53.451372,-2.301394
53.475046,-2.256617
53.470589,-2.297708
53.483739,-2.225493
53.470493,-2.300047
53.479519,-2.231812
53.482293,-2.23193
53.476391,-2.256398
53.471483,-2.300155
53.470372,-2.287559
53.475021,-2.254729
53.474529,-2.256402
53.47465,-2.252068
53.472441,-2.301077
53.477038,-2.250223
53.474848,-2.256417
53.481974,-2.263215
53.481974,-2.263215
53.481974,-2.263215
53.474516,-2.25592
53.475787,-2.239151
53.472441,-2.301077
53.472441,-2.301077
53.470736,-2.301421
53.483761,-2.247862
53.469582,-2.295729
53.474593,-2.256156
53.480129,-2.222489
53.480269,-2.230364
53.480269,-2.230364
53.451372,-2.301394
53.451372,-2.301394
53.451372,-2.301394
53.451372,-2.301394
53.451372,-2.301394
53.451063,-2.301076
53.451063,-2.301076
53.451063,-2.301076
53.451372,-2.301394
53.451372,-2.301394
53.451372,-2.301394
53.451372,-2.301394
53.451372,-2.301394
53.451372,-2.301394
53.451372,-2.301394
53.451372,-2.301394
53.451372,-2.301394
53.451372,-2.301394
53.451372,-2.301394
53.451372,-2.301394
53.472361,-2.289222
53.476173,-2.257357
53.485383,-2.224999
53.485386,-2.224946
53.48537,-2.225031
53.485405,-2.224913
53.485389,-2.22501
53.485373,-2.224935
53.472019,-2.292838
53.47458,-2.253484
53.474612,-2.253956
53.483621,-2.243335
53.47897,-2.223948
53.481974,-2.263215
53.481974,-2.263215
53.481974,-2.263215
53.481974,-2.263215
53.481974,-2.263215
53.481974,-2.263215
53.481974,-2.263215
53.481974,-2.263215
53.481974,-2.263215
53.481974,-2.263215
53.481974,-2.263215
53.481974,-2.263215
53.481974,-2.263215
53.481974,-2.263215
53.481974,-2.263215
53.481974,-2.263215
53.481974,-2.263215
53.481974,-2.263215
53.481974,-2.263215
53.481974,-2.263215
53.481974,-2.263215
53.481974,-2.263215
53.474816,-2.254943
53.470876,-2.30067
53.470755,-2.294792
53.470014,-2.298327
53.475104,-2.241704
53.47792,-2.231715
53.480464,-2.255855
53.490777,-2.244118
53.474746,-2.256803
53.472102,-2.289083
53.468967,-2.289083
53.474848,-2.256417
53.481974,-2.263215
53.481974,-2.263215
53.481974,-2.263215
53.481974,-2.263215
53.488383,-2.215772
53.501627,-2.182255
53.498219,-2.195066
53.474422,-2.252315
53.474682,-2.251703
53.474689,-2.255973
53.471007,-2.301013
53.481169,-2.254154
53.4545,-2.2835
53.4545,-2.2835
53.4545,-2.2835
53.487062,-2.235116
53.480269,-2.230364
53.4755,-2.240167
53.489481,-2.239365
53.451372,-2.301394
53.451063,-2.301076
53.451063,-2.301076
53.451372,-2.301394
53.451372,-2.301394
53.451372,-2.301394
53.451372,-2.301394
53.451372,-2.301394
53.451372,-2.301394
53.451372,-2.301394
53.48387,-2.217628
53.485319,-2.224967
53.481974,-2.263215
53.481974,-2.263215
53.481974,-2.263215
53.481974,-2.263215
53.481974,-2.263215
53.481974,-2.263215
53.481974,-2.263215
53.481974,-2.263215
53.481974,-2.263215
53.481974,-2.263215
53.481974,-2.263215
53.481974,-2.263215
53.481974,-2.263215
53.481974,-2.263215
53.479762,-2.223808
53.471958,-2.291919
53.4765,-2.2485
53.4765,-2.2485
53.476731,-2.256183
53.484815,-2.213927
53.487719,-2.239687
53.474361,-2.289046
53.474361,-2.289046
53.482073,-2.234258
53.482366,-2.264353
53.482366,-2.264353
53.482366,-2.264353
53.482366,-2.264353
53.482366,-2.264353
53.482366,-2.264353
53.482366,-2.264353
53.482366,-2.264353
53.482366,-2.264353
53.482366,-2.264353
53.474561,-2.257121
53.482271,-2.219721
53.48207,-2.21942
53.474503,-2.256381
53.48726,-2.244976
53.471767,-2.299241
53.471766,-2.299242
53.474628,-2.255548
53.474547,-2.252006
53.474516,-2.255664
53.481454,-2.220016
53.472323,-2.2312
53.484148,-2.224173
53.479867,-2.223486
53.469133,-2.299125
53.48237,-2.22855
53.471111,-2.292461
53.482928,-2.227424
53.48463,-2.213766
53.474315,-2.246146
53.474322,-2.246258
53.473709,-2.240133
53.484633,-2.242444
53.477294,-2.249128
53.477294,-2.249128
53.477294,-2.249128
53.471307,-2.263945
53.475302,-2.256574
53.475171,-2.256451
53.473801,-2.253527
53.473967,-2.253935
53.47466,-2.256553
53.474647,-2.253484
53.482654,-2.228325
53.482654,-2.228325
53.482654,-2.228325
53.482654,-2.228325
53.482654,-2.228325
53.482654,-2.228325
53.482654,-2.228325
53.483468,-2.226769
53.483532,-2.226673
53.485964,-2.222145
53.485964,-2.222145
53.485964,-2.222145
53.485964,-2.222145
53.485964,-2.222145
53.485964,-2.222145
53.485964,-2.222145
53.485964,-2.222145
53.485964,-2.222145
53.485964,-2.222145
53.485964,-2.222145
53.469602,-2.295713
53.464888,-2.283839
53.474452,-2.250716
53.484266,-2.224817
53.484285,-2.224924
53.484266,-2.224924
53.474593,-2.253956
53.474606,-2.251886
53.474606,-2.251886
53.474606,-2.251886
53.474606,-2.251886
53.47962,-2.225096
53.475033,-2.237777
53.469739,-2.295563
53.470004,-2.295885
53.471436,-2.295237
53.479094,-2.232992
53.479094,-2.232992
53.479094,-2.232992
53.478833,-2.233572
53.478328,-2.234934
53.47716,-2.249139
53.477105,-2.249128
53.477051,-2.249107
53.477051,-2.249107
53.477051,-2.249107
53.477051,-2.249107
53.477051,-2.249107
53.477051,-2.249107
53.477051,-2.249107
53.469146,-2.29538
53.474309,-2.253055
53.474312,-2.252991
53.484177,-2.224915
53.482639,-2.228027
53.474682,-2.257089
53.474561,-2.254214
53.469484,-2.295198
53.478558,-2.230696
53.478558,-2.230696
53.478558,-2.230696
53.478558,-2.230696
53.478558,-2.230696
53.478558,-2.230696
53.478558,-2.230696
53.478558,-2.230696
53.478558,-2.230696
53.470116,-2.297215
53.487463,-2.217582
53.484188,-2.22506
53.474261,-2.247669
53.47767,-2.23164
53.474783,-2.256437
53.475044,-2.256389
53.475258,-2.256889
53.475761,-2.2566
53.475983,-2.256523
53.476241,-2.238262
53.477983,-2.231501
53.477983,-2.231501
53.478776,-2.230643
53.478776,-2.230643
53.478776,-2.230643
53.478776,-2.230643
53.478776,-2.230643
53.478776,-2.230643
53.478776,-2.230643
53.478776,-2.230643
53.478776,-2.230643
53.478776,-2.230643
53.478776,-2.230643
53.478776,-2.230643
53.478776,-2.230643
53.478776,-2.230643
53.478776,-2.230643
53.478776,-2.230643
53.478776,-2.230643
53.478776,-2.230643
53.478776,-2.230643
53.470116,-2.297215
53.474542,-2.255909
53.474267,-2.256735
53.481397,-2.229473
53.471463,-2.299481
53.469963,-2.290381
53.481339,-2.229467
53.474816,-2.25622
53.474816,-2.25622
53.474816,-2.25622
53.474816,-2.25622
53.474816,-2.25622
53.474816,-2.25622
53.474816,-2.25622
53.474816,-2.25622
53.474816,-2.25622
53.474816,-2.25622
53.474816,-2.25622
53.4767,-2.244567
53.4767,-2.244567
53.4767,-2.244567
53.4767,-2.244567
53.4767,-2.244567
53.4767,-2.244567
53.4767,-2.244567
53.4767,-2.244567
53.4767,-2.244567
53.4767,-2.244567
53.4767,-2.244567
53.4767,-2.244567
53.4767,-2.244567
53.4767,-2.244567
53.4767,-2.244567
53.474816,-2.25622
53.4746,-2.252953
53.474816,-2.25622
53.474816,-2.25622
53.4746,-2.252953
53.4746,-2.252953
53.4746,-2.252953
53.472134,-2.299189
53.479382,-2.257379
53.479382,-2.257379
53.477,-2.250169
53.477,-2.250169
53.476847,-2.249418
53.476604,-2.248495
53.476604,-2.248495
53.476604,-2.248495
53.476604,-2.248495
53.476604,-2.248495
53.476604,-2.248495
53.476604,-2.248495
53.476604,-2.248495
53.477109,-2.246392
53.469075,-2.289276
53.469037,-2.289297
53.471304,-2.296475
53.479637,-2.231447
53.477983,-2.231501
53.477983,-2.231501
53.47799,-2.23149
53.474663,-2.254643
53.479598,-2.24881
53.479598,-2.24881
53.479598,-2.24881
53.479598,-2.24881
53.479598,-2.24881
53.479598,-2.24881
53.479598,-2.24881
53.479598,-2.24881
53.479598,-2.24881
53.479598,-2.24881
53.479598,-2.24881
53.479598,-2.24881
53.479598,-2.24881
53.479598,-2.24881
53.479598,-2.24881
53.479598,-2.24881
53.479598,-2.24881
53.479598,-2.24881
53.479598,-2.24881
53.479598,-2.24881
53.479598,-2.24881
53.479598,-2.24881
53.479598,-2.24881
53.479598,-2.24881
53.479598,-2.24881
53.474574,-2.254922
53.479598,-2.24881
53.479598,-2.24881
53.479598,-2.24881
53.479598,-2.24881
53.479598,-2.24881
53.479598,-2.24881
53.479598,-2.24881
53.479598,-2.24881
53.479598,-2.24881
53.479598,-2.24881
53.479598,-2.24881
53.479598,-2.24881
53.479598,-2.24881
53.479598,-2.24881
53.479598,-2.24881
53.479598,-2.24881
53.479598,-2.24881
53.479598,-2.24881
53.479598,-2.24881
53.474727,-2.252497
53.453745,-2.304972
53.475404,-2.240631
53.475001,-2.242112
53.476604,-2.248495
53.479598,-2.24881
53.479598,-2.24881
53.479598,-2.24881
53.479598,-2.24881
53.47542,-2.240985
53.473105,-2.228894
53.475219,-2.241618
53.469851,-2.294651
53.485781,-2.21186
53.47405,-2.244386
53.480703,-2.232584
53.480703,-2.232584
53.476176,-2.238239
53.502201,-2.178189
53.473833,-2.244834
53.479858,-2.231279
53.479922,-2.231193
53.474248,-2.247605
53.473295,-2.291271
53.46995,-2.295434
53.470193,-2.290821
53.47799,-2.23149
53.481,-2.229834
53.491371,-2.206867
53.483107,-2.216529
53.474593,-2.256156
53.474593,-2.256156
53.477092,-2.237028
53.477092,-2.237028
53.477092,-2.237028
53.477092,-2.237028
53.477092,-2.237028
53.470831,-2.297301
53.499623,-2.226383
53.469,-2.283
53.469,-2.283
53.469,-2.283
53.468833,-2.2915
53.469,-2.283
53.474593,-2.256156
53.481,-2.229834
53.481,-2.229834
53.481,-2.229834
53.481,-2.229834
53.484227,-2.236962
53.472166,-2.296131
53.47094,-2.296056
53.48265,-2.228244
53.482836,-2.250126
53.481878,-2.25313
53.476166,-2.256334
53.473475,-2.244987
53.474593,-2.256156
53.483168,-2.226947
53.4745,-2.255834
53.474833,-2.255334
53.475166,-2.255667
53.477677,-2.236093
53.477016,-2.237123
53.475544,-2.232863
53.482625,-2.218058
53.482625,-2.218058
53.482625,-2.218058
53.482625,-2.218058
53.484035,-2.223041
53.474593,-2.256156
53.469197,-2.271766
53.47836,-2.237895
53.47836,-2.237895
53.474593,-2.256156
53.474593,-2.256156
53.470218,-2.297322
53.476051,-2.256649
53.474778,-2.236254
53.474778,-2.236254
53.474778,-2.236254
53.474778,-2.236254
53.474778,-2.236254
53.47587,-2.224892
53.47587,-2.224892
53.47587,-2.224892
53.47413,-2.227789
53.473881,-2.240395
53.482625,-2.218058
53.473804,-2.239075
53.473804,-2.239075
53.482625,-2.218058
53.482625,-2.218058
53.482625,-2.218058
53.482625,-2.218058
53.482625,-2.218058
53.482625,-2.218058
53.482625,-2.218058
53.482882,-2.227627
53.451227,-2.301202
53.453752,-2.305023
53.451227,-2.301202
53.473666,-2.256167
53.475,-2.256334
53.474666,-2.256
53.473666,-2.2605
53.451833,-2.302167
53.445833,-2.305167
53.445833,-2.305167
53.470895,-2.295498
53.470895,-2.295498
53.470895,-2.295498
53.48026,-2.23105
53.48026,-2.23105
53.48026,-2.23105
53.47609,-2.23841
53.477715,-2.248613
53.474344,-2.248055
53.474344,-2.248055
53.474344,-2.248055
53.474344,-2.248055
53.488141,-2.24312
53.488141,-2.24312
53.488141,-2.24312
53.488141,-2.24312
53.488141,-2.24312
53.488141,-2.24312
53.488141,-2.24312
53.488141,-2.24312
53.488141,-2.24312
53.488141,-2.24312
53.473252,-2.252948
53.470167,-2.300337
53.483193,-2.227456
53.483193,-2.227456
53.491211,-2.21132
53.481891,-2.228921
53.474318,-2.246618
53.47451,-2.255394
53.472977,-2.28949
53.4739,-2.258516
53.474653,-2.243764
53.474542,-2.252068
53.473667,-2.254064
53.47419,-2.247755
53.483187,-2.227376
53.480563,-2.220439
53.483558,-2.223331
53.474452,-2.250834
53.475614,-2.240411
53.475614,-2.240411
53.473734,-2.242401
53.474088,-2.237305
53.474088,-2.237305
53.481948,-2.263419
53.481948,-2.263419
53.48471,-2.230319
53.471847,-2.295187
53.485677,-2.221432
53.48064,-2.221679
53.47677,-2.258666
53.47956,-2.231769
53.47843,-2.234365
53.478232,-2.23458
53.476802,-2.237026
53.477811,-2.236168
53.484088,-2.225016
53.476106,-2.238399
53.477626,-2.248935
53.477626,-2.248935
53.477626,-2.248935
53.477626,-2.248935
53.477626,-2.248935
53.477626,-2.248935
53.477626,-2.248935
53.472932,-2.265093
53.465403,-2.279233
53.465403,-2.279233
53.474835,-2.252626
53.474599,-2.253119
53.47421,-2.253227
53.47421,-2.253227
53.47421,-2.253227
53.47421,-2.253227
53.474408,-2.255716
53.474625,-2.256767
53.473756,-2.255716
53.474637,-2.256231
53.474918,-2.25769
53.474637,-2.256231
53.474625,-2.256767
53.476221,-2.247562
53.476221,-2.247562
53.476221,-2.247562
53.476221,-2.247562
53.476221,-2.247562
53.476221,-2.247562
53.476221,-2.247562
53.477702,-2.235975
53.479985,-2.232037
53.479746,-2.231812
53.479589,-2.227306
53.479311,-2.230095
53.469136,-2.295337
53.469746,-2.29861
53.469746,-2.29861
53.469746,-2.29861
53.469797,-2.298181
53.469797,-2.298181
53.469992,-2.297708
53.46889,-2.292494
53.478047,-2.2599
53.474663,-2.25121
53.474663,-2.25121
53.490298,-2.235181
53.474689,-2.256714
53.475193,-2.255356
53.475378,-2.256574
53.479542,-2.226271
53.481776,-2.252991
53.470918,-2.296957
53.479663,-2.229613
53.477498,-2.236382
53.479911,-2.229367
53.473763,-2.253849
53.474628,-2.255501
53.474628,-2.255501
53.474628,-2.255501
53.481681,-2.229232
53.476355,-2.256274
53.474816,-2.25622
53.474816,-2.25622
53.474816,-2.25622
53.474816,-2.25622
53.474816,-2.25622
53.477013,-2.256242
53.469688,-2.295734
53.469688,-2.295734
53.46896,-2.296593
53.46896,-2.296593
53.46896,-2.296593
53.470001,-2.297773
53.470001,-2.297773
53.474376,-2.246124
53.483845,-2.225638
53.474558,-2.250899
53.474558,-2.250899
53.474558,-2.250899
53.4795,-2.2625
53.4795,-2.2625
53.474816,-2.25622
53.474816,-2.25622
53.474816,-2.25622
53.477587,-2.236039
53.474615,-2.252883
53.474816,-2.25622
53.474816,-2.25622
53.474816,-2.25622
53.474816,-2.25622
53.474146,-2.256639
53.474513,-2.250727
53.47485,-2.242638
53.473549,-2.254332
53.473858,-2.25519
53.473858,-2.25519
53.474545,-2.255887
53.474494,-2.255159
53.474494,-2.255159
53.474494,-2.255159
53.474494,-2.255159
53.474494,-2.255159
53.474494,-2.255159
53.474444,-2.255242
53.474433,-2.255281
53.474447,-2.255331
53.474494,-2.255581
53.474436,-2.255689
53.474427,-2.255778
53.474477,-2.255878
53.474486,-2.255939
53.474483,-2.25595
53.47448,-2.255959
53.474477,-2.25597
53.474477,-2.255973
53.474708,-2.256128
53.474713,-2.256414
53.474705,-2.256431
53.474638,-2.256484
53.474622,-2.256489
53.474602,-2.256737
53.474602,-2.256778
53.474525,-2.256789
53.474488,-2.256789
53.474436,-2.256734
53.474375,-2.256637
53.474358,-2.256612
53.474352,-2.2566
53.474327,-2.256564
53.474288,-2.256559
53.47415,-2.256537
53.473527,-2.255473
53.473597,-2.255495
53.473605,-2.255837
53.473583,-2.255956
53.473588,-2.255934
53.4736,-2.255859
53.473605,-2.255817
53.473611,-2.255803
53.473622,-2.255917
53.473627,-2.255987
53.47363,-2.256034
53.473638,-2.256112
53.473672,-2.256289
53.473713,-2.25607
53.473711,-2.256089
53.473705,-2.256117
53.473755,-2.256217
53.473977,-2.256403
53.474216,-2.256625
53.474255,-2.25662
53.474538,-2.256792
53.474572,-2.256931
53.474563,-2.256917
53.474538,-2.256881
53.47453,-2.256873
53.47453,-2.25687
53.474519,-2.256856
53.474511,-2.256842
53.47443,-2.256728
53.474408,-2.256156
53.478169,-2.235069
53.474634,-2.251971
53.470084,-2.295273
53.473294,-2.255956
53.480767,-2.221534
53.474012,-2.260179
53.469784,-2.29567
53.470078,-2.294833
53.474647,-2.253731
53.474523,-2.243978
53.474523,-2.243978
53.474778,-2.256381
53.471588,-2.264428
53.474532,-2.257272
53.474532,-2.257272
53.47419,-2.256907
53.473763,-2.254289
53.47465,-2.256209
53.474567,-2.255576
53.474567,-2.255576
53.474567,-2.255576
53.474561,-2.253763
53.474542,-2.252969
53.474542,-2.252422
53.474542,-2.252422
53.474542,-2.252422
53.47458,-2.251113
53.474586,-2.250995
53.456396,-2.308394
53.456396,-2.308394
53.482786,-2.227823
53.484786,-2.230138
53.473692,-2.240964
53.473692,-2.240964
53.475008,-2.24356
53.475008,-2.24356
53.475008,-2.24356
53.474759,-2.24297
53.474759,-2.24297
53.475681,-2.239794
53.481341,-2.229506
53.477096,-2.237069
53.473098,-2.263154
53.474698,-2.257121
53.475681,-2.239794
53.475681,-2.239794
53.475681,-2.239794
53.475681,-2.239794
53.475681,-2.239794
53.462708,-2.247476
53.474714,-2.256156
53.470918,-2.296957
53.475863,-2.233786
53.475863,-2.233786
53.476521,-2.231426
53.474599,-2.251317
53.473571,-2.290241
53.470084,-2.292387
53.475841,-2.256939
53.473775,-2.256349
53.473724,-2.256263
53.474159,-2.256606
53.481757,-2.252991
53.47822,-2.241082
53.477498,-2.239934
53.477105,-2.239526
53.476419,-2.238689
53.474979,-2.237627
53.475365,-2.238024
53.475777,-2.237209
53.476029,-2.238485
53.47693,-2.239612
53.477418,-2.24017
53.477664,-2.240502
53.478315,-2.241704
53.485607,-2.205752
53.483117,-2.217554
53.473753,-2.256402
53.473833,-2.254471
53.475059,-2.2228
53.475059,-2.2228
53.475059,-2.2228
53.475059,-2.2228
53.47428,-2.22045
53.47428,-2.22045
53.475059,-2.2228
53.472093,-2.215493
53.472093,-2.215493
53.472115,-2.216041
53.472358,-2.214721
53.471598,-2.215805
53.471598,-2.215805
53.472093,-2.215493
53.482798,-2.227623
53.485767,-2.212822
53.477833,-2.235834
53.482166,-2.2355
53.482166,-2.2355
53.474574,-2.258462
53.474637,-2.253398
53.48523,-2.245942
53.460152,-2.216641
53.478564,-2.23149
53.478564,-2.23149
53.474325,-2.247905
53.474631,-2.243335
53.475448,-2.258484
53.475448,-2.258484
53.475448,-2.258484
53.475448,-2.258484
53.475448,-2.258484
53.474894,-2.251828
53.478633,-2.234506
53.478242,-2.247921
53.440211,-2.307778
53.473991,-2.254987
53.47098,-2.288381
53.481795,-2.234355
53.482119,-2.228706
53.479558,-2.218411
53.471183,-2.267743
53.475212,-2.255673
53.47515,-2.256431
53.474525,-2.252167
53.47429,-2.24055
53.476775,-2.256353
53.47805,-2.248512
53.474408,-2.246028
53.474676,-2.256875
53.482452,-2.187384
53.471387,-2.297773
53.474172,-2.256081
53.474638,-2.256684
53.474638,-2.256684
53.474019,-2.2557
53.475811,-2.257006
53.479809,-2.228872
53.479809,-2.228872
53.483034,-2.223883
53.483034,-2.223883
53.483034,-2.223883
53.483034,-2.223883
53.483034,-2.223883
53.479714,-2.228357
53.483034,-2.223883
53.483034,-2.223883
53.479835,-2.228947
53.475452,-2.256998
53.475258,-2.25727
53.479052,-2.226123
53.478986,-2.226139
53.477484,-2.249022
53.475155,-2.256982
53.475008,-2.256295
53.475244,-2.255889
53.47511,-2.256156
53.475128,-2.254398
53.474701,-2.250362
53.482555,-2.222714
53.479647,-2.23165
53.479652,-2.231734
53.479666,-2.231642
53.479686,-2.23162
53.463005,-2.301095
53.474361,-2.229953
53.478188,-2.257808
53.480994,-2.245174
53.475276,-2.256317
53.480269,-2.230192
53.481428,-2.244939
53.481428,-2.244939
53.474603,-2.254412
53.471183,-2.267743
53.476876,-2.239864
53.474245,-2.238523
53.471913,-2.291898
53.474829,-2.256596
53.476138,-2.256837
53.476436,-2.256448
53.483034,-2.223883
53.483034,-2.223883
53.483034,-2.223883
53.483034,-2.223883
53.475225,-2.255254
53.474701,-2.250362
53.480442,-2.22251
